番号	名称	欠片	資源	危険度	E.G.O パッシブ名	発動条件	効果	覚醒スキル属性	覚醒スキル効果	侵蝕スキル属性	侵蝕スキル	固有
1	魑魅魍魎：舌切り雀	50	憤怒 x1 嫉妬 x3	ZAYIN	切られた舌	なし	マッチ敗北時、次のRにてダメージ量増加2を得る	斬撃：嫉妬	マッチ勝利時：対象が沈潜状態なら沈潜4を付与<br> 2d9：的中時、このRに脆弱3を付与 <br>5d2+2：的中時、沈潜4を付与	斬撃：嫉妬	[敵味方識別不可] <br>マッチ勝利時：対象が沈潜状態なら[沈潜殺到] <br>19-1d9：的中時、対象が混乱状態なら追加HPダメージ+10<br> 19-1d9：的中時、対象が混乱状態なら追加HPダメージ+10	なし
2	黄金の卵：ガチョウ	50	怠惰 x5	ZAYIN	黄金色の卵	なし	振動を消費するスキルを使用時、消費数を3減少	斬撃：怠惰	マッチ勝利時：対象の振動を最大10消費し、次のRにて消費した振動2ごとに怠惰脆弱1を付与<br> 3d4：的中時、振動2を得る <br>3d4：的中時、振動2を得る<br> 4d4：的中時、振動2を得る	斬撃：怠惰	[敵味方識別不可] <br>マッチ勝利時：対象の振動を最大20消費し、次のRにて消費した振動2ごとに怠惰脆弱1を付与 <br>20-2d9：的中時、互いに[振動爆発]。振動を3消費	なし
3	懺悔：たった一つの罪と何百もの善	150	怠惰 x5 傲慢 x3	ZAYIN	告解	なし	このパッシブを得てから3Rの間、あらゆるデバフが除去される	貫通：怠惰	広域：対象5体 <br>使用時：全ての味方のHPとSANを15回復 <br>8d2	貫通：怠惰	広域：対象5体 [敵味方識別不可] <br>使用時：全ての味方のHPとSANを15回復<br> 22-1d10	なし
4	低いなきごえ：泣きヒキガエル	50	怠惰 x2 憂鬱 x1	ZAYIN	憂鬱感	なし	振動爆発時、次のRにダメージ量減少2を付与	打撃：憂鬱	7d2：的中時、振動５を付与 <br>2d10：的中時、[振動爆発] 振動４消費	打撃：憂鬱	[敵味方識別不可] 対象の振動４ごとにダメージ量+２（最大 10） <br>20-1d18：的中時、[振動爆発]。振動３消費、対象の振動を振動-反響に[振幅変換]	なし
5	Changer MK3：なんでも変えて差し上げます	50	憤怒 x2 怠惰 x2 暴食 x4	ZAYIN	エネルギー抽出	敵討伐時	LP10 獲得	貫通：暴食	戦闘開始時：自分のHPが 50％以上ならHPを 25％まで減少し LP を10獲得<br>HPが 25％以下の状態なら死亡する <br>使用時：対象の出血2ごとにダメージ量+1（最大 10）<br> 2d10：的中時、対象の出血が10以上なら出血-崩壊へと[血蓮変換]	[影響]	5R/ 1R：自分のHPを 20%減少し 5LP 獲得 <br> 2R：自分のHPを 25%減少し 10LP 獲得<br>3R：自分のHPを 30%減少し 15LP 獲得<br>4R：自分のHPを 60%減少し 20LP 獲得 <br>5R：自分のHPを 100%減少し 25LP 獲得	なし
6	喪失：欲張りなきこり	50	暴食 x4 嫉妬 x1	ZAYIN	欲しがり	なし	戦闘開始時、後方の味方1名の全てのバフを半分吸収する	打撃：暴食	5d3+2：的中時、破裂4を付与<br>対象の破裂が8以上なら破裂-切除へと[裂幅変換]	打撃：暴食	[敵味方識別不可] <br>20-1d15：的中時、[破裂爆発]3回発動	なし
7	まやかし：黄金色の林檎	50	怠惰 x1 暴食 x4	ZAYIN	蛆虫	なし	出血状態の敵に攻撃的中時、1~7 の追加暴食ダメージを与える	打撃：暴食	広域：対象4体 <br>7d2+1：的中時、次のRに振動4と麻痺2を付与	打撃：暴食	広域：対象4体 [敵味方識別不可] <br>7d2+1：的中時、次のRに出血4と麻痺2を付与	なし
8	蝍蛆殺：百足の使徒	50	怠惰 x2 傲慢 x2	ZAYIN	蠱毒反殺	なし	スキルで恐慌を付与する時、次のRにダメージ量増加1を得る（最大 2）	打撃：憂鬱	攻撃後：自分と対象のデバフの種類数の合計だけ、双方に百足の毒を付与 <br>7d2+3：的中時、次のRに恐慌3を付与 <br>7d2+3：的中時、破裂3を付与。暴食または憂鬱共鳴数が4以上なら、その共鳴数だけ百足の毒を付与	打撃：憂鬱	[敵味方識別不可]<br> 攻撃後：自分と対象のデバフの種類数の合計だけ、双方に百足の毒を付与<br> 20-1d15：的中時、次のRに恐慌3を付与<br> 25-2d10：的中時、破裂3を付与。暴食または憂鬱共鳴数が4以上なら、その共鳴数だけ百足の毒を付与	[百足の毒] <br>最大20<br>デバフ<br>R終了時、数値4ごとに次のターンに脆弱1を得る<br>R終了時、数値だけ暴食ダメージを受けて、数値が半減 <br>死亡した時、ランダムなキャラクターにこのデバフを全て押し付ける
9	響き：マンドレイクの棺	50	色欲 x1 傲慢 x4	ZAYIN	鼓膜が弾ける	なし	沈潜と恐慌によるダメージが半減する	打撃：傲慢	広域：対象3体 <br>戦闘開始時：全てのキャラクターのSANが半減（最大 30） <br>1d30：的中時、与えたSANダメージだけSAN回復（最大 25）	打撃：傲慢	広域：対象3体 [敵味方識別不可] <br>戦闘開始時：全てのキャラクターのSANが半減（最大 30）。恐慌があるキャラクターに精神崩壊1を付与 <br>25-2d10：的中時、このRに傲慢脆弱5を付与	なし
10	ソーダ：蓋の空いたウェルチアース	50	憂鬱 x2 嫉妬 x1	ZAYIN	遠い海のカモメの鳴き声	敵討伐時	自分のSANを6回復する	貫通：嫉妬	使用時：次のRにてSANが最も低い味方2名のSANを10回復 <br>5d3：的中時、次のRにてHPが低い味方2名のHPを8回復	打撃：嫉妬	[敵味方識別不可] <br>使用時：次のRにてSANが最も低い味方1名のSANを2減少<br> 19-1d10：的中時、全ての味方がHPを10回復して全てのキャラクターのSANが2減少	なし
11	赤く染まった羽：鶴の恩返し	50	憤怒 x3 怠惰 x1	ZAYIN	引きちぎった跡	なし	出血状態の敵に攻撃的中時、1の追加ダメージを与える	貫通：憤怒	1d24：的中時、次のRに出血７を付与	貫通：憤怒	[敵味方識別不可] <br>24-1d10：的中時、次のRに出血７を付与	なし
12	幸福：あなたは幸せでなければならない	50	憤怒 x2 憂鬱 x2	ZAYIN	質問	なし	1d100 を振り、偶数ならパワー1、奇数なら虚弱1を得る	[影響]	3R/ 1R：味方に 1d100 を対象の好きな回数だけ振らせる。偶数ならパワー1、奇数なら虚弱1を対象に付与する<br>2R：味方に 1d100 を対象の好きな回数だけ振らせる。偶数なら保護 1、奇数なら脆弱1を対象に付与する<br>3R：味方に 1d100 を対象の好きな回数だけ振らせる。偶数ならパワー2 と保護 2、奇数なら虚弱2と脆弱2を対象に付与する<br>戦闘終了時、この E.G.O の効果で合計5回以上 1d100 を振った味方を死亡させる	[影響]	3R[敵味方識別不可]<br>1R：敵に 1d100 を対象の好きな回数だけ振らせる。偶数ならパワー1、奇数なら虚弱1を対象に付与する<br> 2R：敵に 1d100 を対象の好きな回数だけ振らせる。偶数なら保護 1、奇数なら脆弱1を対象に付与する<br>3R：敵に 1d100 を対象の好きな回数だけ振らせる。偶数ならパワー2 と保護 2、奇数なら虚弱2と脆弱2を対象に付与する。この E.G.O の効果で合計5回以上 1d100 を振った敵を 3R後に死亡させる（強敵無効）	なし
13	鬼退治：血迷った鬼殺し	75	憤怒 x3 嫉妬 x3	TETH	鬼ごっこのはじまり	なし	自分の速度が対象よりも高ければスキル威力+1	斬撃：憤怒	戦闘開始時：後方の味方3名にきびだんご3を付与 使用時：呼吸7を得る 3d4：クリティカル的中時、次のRに脆弱3を付与 3d4：クリティカル的中時、次のRに出血3を得る 3d6：クリティカルダメージ量+6	斬撃：憤怒	[敵味方識別不可] <br>戦闘開始時：後方の味方3名にきびだんご3を付与 <br>使用時：全ての味方から、呼吸を半分吸収する <br>27-2d11：クリティカルダメージ量+5	[きびだんご]<br>最大3<br>バフ<br> 呼吸獲得量+1、クリティカル成功時に呼吸3を得る<br>R終了時に1減少
14	殺害救済：首吊り風船	75	憤怒 x2 嫉妬 x4	TETH	浮いて浮いて吊られる	なし	マッチ敗北時、対象に出血2を付与	貫通：憤怒	マッチ勝利時：互いに 100 のSANダメージを与える<br> 5d5：的中時、対象の出血を3回発動	貫通：憤怒	[敵味方識別不可] <br>マッチ勝利時：互いに50のHPダメージを与える <br>30-4d5：的中時、次のRに出血5を付与	なし
15	後悔：捨てられた殺人鬼	75	憤怒 x3 傲慢 x2	TETH	縛られた怒り	なし	速度ダイスが 1d4 に変更。打撃スキル威力+2	打撃：憤怒	攻撃前：自分に付与されたデバフをランダムに1つ除去 <br>10d2：的中時、振動5を付与して[振動爆発]。振動爆発時、対象にSANがない場合は代わりに憤怒ダメージを与える	[同化]	1：暴力性 打撃：憤怒 <br>8d2：的中時、振動5を付与<br>/ 2：縛られた怒り 防御：傲慢 <br>使用時：沈潜3を得て、次のRにパワー3 を得る <br>10d1<br> 10d1<br> 10d1 <br> 3：金属の響き 打撃：憂鬱 <br>2d11：的中時、[振動爆発] <br>2d11：的中時、[振動爆発]<br> 2d11：的中時、[振動爆発]。振動を5消費 <br>4：終わり、始まり、終わる。 打撃：憤怒 <br>使用時：自分にデバフがあるならデバフを全て除去。デバフがないならスキル威力-8<br> 9d2 <br>9d2 <br>10d2：マッチ勝利的中時、対象の現在のSANを 50％減少	なし
16	迫りくる日：終末カレンダー	75	憤怒 x3 色欲 x2	TETH	生贄の儀式	なし	敵討伐時、使用したスキルの大罪資源を5得る	打撃：憤怒	対象のHPが 25％未満ならダメージ量+8 <br>28-1d15：敵討伐時、次のRにパワー2 を得て全ての味方のHPを15回復	打撃：憤怒	[敵味方識別不可] <br>対象のHPが 25％未満ならダメージ量+8 <br>28-1d15：敵討伐失敗時、次のRに出血10とパワー3 を得る	なし
17	火柱：無数の生贄	75	憤怒 x3 色欲 x3	TETH	炎々	なし	R開始時、火傷で死亡したキャラクターがいるならランダムなキャラクター2 名に火傷5を付与	打撃：憤怒	攻撃前：両隣の味方の火傷を最大10まで吸収 <br>攻撃後：自分に[葬炎] <br>30-2d14：的中時、自分の火傷の数だけ火傷付与	打撃：憤怒	[敵味方識別不可] <br>攻撃前：両隣の味方の火傷を最大10まで吸収<br> 攻撃後：自分に[葬炎]、両隣の味方に火傷8を付与<br> 2d10：的中時、対象の両隣の敵に火傷10を付与 <br>3d7：的中時、[葬炎]	なし
18	一生シチュー：バジリスープク	75	色欲 x5	TETH	暴食のるつぼ	なし	火傷状態の敵討伐時に色欲資源2を得る	打撃：色欲	攻撃前：保有している色欲資源2ごとにダメージ量+1（最大 20）<br> 8d3：的中時、火傷6を付与	打撃：色欲	[敵味方識別不可]<br>HPが最も高い対象を攻撃 <br>攻撃前：保有している色欲資源2ごとにダメージ量+1（最大 20）、色欲共鳴数だけ色欲資源を消費し、消費した資源1につきダメージ量+2（最大 10）<br> 22-1d10：的中時、[葬炎]	なし
19	超美味！：タッキーマン	75	憤怒 x4	TETH	調理の時間だヨ！！	なし	R開始時、HP回復量増加3を得る	打撃：色欲	使用時：この E .G.O スキルで対象を倒したなら、使用者のHPを全回復する<br> 10d3	打撃：色欲	[敵味方識別不可] <br>29-3d5：的中時、対象に与えたHPダメージ量だけ自分のHPを回復	なし
20	赤眼：母なる蜘蛛	75	色欲 x2 暴食 x2	TETH	蜘蛛の糸	自分がクイック状態	マッチ勝利時、対象に次のRに束縛1を付与	[同化]	1：捕らえる 斬撃：憤怒<br> 2d10：的中時、対象の束縛の数だけ次のRにてクイックを得る<br>2：糸を絡めて 貫通：色欲<br> 5d3+1 <br>5d3+1：的中時、次のRに束縛1を付与 <br>3d4+1：的中時、次のRに束縛1を付与<br> 3：操り糸 打撃：憤怒 <br>使用時：このスキルのダイス全てを未行動のランダムな味方１人の戦術スキルの最後に追加。選択された味方がクイックを得ているなら自分のHPを 20％回復<br> 3d7 <br>3d7 <br>4d7 <br> 4：蜘蛛の巣 斬撃：嫉妬<br> 9d2：的中時、対象の束縛と自分のクイックの数の合計 x5 だけHPを回復	斬撃：色欲	[敵味方識別不可] <br>使用時：今回のRと次のRにて自分を除くすべてのキャラクターが束縛3を得る<br> 30-1d23：的中時、対象の束縛と自分のクイックの数の合計 x5 だけHPを回復	なし
21	ねばつき：足長妖精	75	色欲 x3 傲慢 x2	TETH	緑の外翅	なし	戦闘開始時、ランダムな味方に呼吸4と出血1を付与	[影響]	2R/ 1R：全ての敵に束縛1と呼吸3を付与 / 2R：全ての敵に内臓崩壊1を付与	打撃：色欲	[敵味方識別不可] <br>2d12：的中時、次のRに出血3を付与。対象の出血が8以上なら追加で7付与<br> 2d12：的中時、対象の出血の数だけHP回復（最大 20）	なし
22	桃色の欲望：桃色の靴	75	憤怒 x1 色欲 x4	TETH	桃色のリボン	なし	マッチ勝利時、桃色のリボン1を付与	貫通：色欲	25-1d19：的中時、次のRに麻痺3とダメージ量減少3を付与	貫通：色欲	[敵味方識別不可] <br>9d3+2：的中時、次のRに麻痺3とダメージ量減少 3、束縛4を付与	[桃色のリボン] <br>最大10<br>デバフ <br>[1R] 攻撃ダイスを振る度に数値が増加<br>R終了時、数値分次のRにて束縛を得る（最大 5）
23	にやつき：笑うチェシャ猫	75	憤怒 x1 怠惰 x5	TETH	いたずら好き	なし	R開始時、バフを得ているなら、パワー、忍耐、クイック、保護のうちどれか1種を2得る	[影響]	3R/ 1R：全ての味方がパワー、忍耐、クイック、保護の内1つをランダムに1得る<br>2R：全ての味方がパワー、忍耐、クイック、保護の内1つをランダムに2得る<br>3R：全ての味方がパワー、忍耐、クイック、保護の内1つをランダムに3得る	斬撃：怠惰	[敵味方識別不可] <br>マッチ開始時：このRの間、対象のバフ・デバフによる威力の増減を反転する <br>29-3d8：的中時、対象の現在のデバフの数を 1.5 倍に増加	なし
24	願いの石：塔右饒	75	怠惰 x2 暴食 x1 憂鬱 x1	TETH	ドルハルバン	なし	R開始時、怠惰保護2を得る	貫通：怠惰	11d2：的中時、次のRに麻痺4を付与し、自分に色欲保護2を 3Rの間付与する	打撃：怠惰	[敵味方識別不可]<br>HPが最も高い対象を攻撃 <br>22-1d11：的中時、次のRに虚弱３を付与し自分に怠惰保護2を 2Rの間付与する	なし
25	まさかり：山の家臣	75	怠惰 x3 暴食 x3	TETH	足柄山	なし	振動が付与された敵を討伐時に全ての敵に振動8を付与	打撃：怠惰	8d3：的中時、振動7と麻痺2を付与	打撃：怠惰	[敵味方識別不可] <br>24-1d12：的中時、次のRに麻痺2を付与。[振動爆発]。振動4消費	なし
26	ショコラカタブラ：ヘンゼルとグレーテル	75	憤怒 x1 色欲 x1 怠惰 x1 暴食 x1 憂鬱 x1 傲慢 x1 嫉妬 x1	TETH	デコレーションハウス	なし	振動爆発時、対象の振動の数2ごとに火傷1を付与	打撃：暴食	戦闘開始時：全ての敵に振動6を付与<br> 2d9<br> 3d8：的中時、[振動爆発]。火傷6を付与	打撃：暴食	[敵味方識別不可] <br>戦闘開始時：全てのキャラクターが火傷6と振動6を得る<br> 27-1d22：的中時、[振動爆発]。与えたSANダメージ量の半分だけSANを回復	なし
27	たぷつき：妖精紳士	75	色欲 x2 暴食 x3	TETH	酸っぱい酒香	なし	振動爆発時、HPを 5~10 回復	貫通：暴食	対象の振動が10以上ならマッチ威力+5<br> 2d12：的中時、[振動爆発]を4回発動し、振動を10消費	貫通：暴食	[敵味方識別不可]<br>対象の振動が10以上ならマッチ威力+5 <br>32-5d6：的中時、[振動爆発]を4回発動し、振動を10消費	なし
28	氷の脚：バーバヤーガ	75	憂鬱 x4 嫉妬 x2	TETH	寒気	なし	沈潜が5以上付与された敵に攻撃的中時、束縛1と虚弱1を付与（最大 3）	打撃：憂鬱	広域：対象3体 メインターゲットのHPが 50％以上ならダメージ量+5<br>1d15+10：的中時、[振動爆発]。沈潜5を付与	打撃：憂鬱	[敵味方識別不可] <br>メインターゲットのHPが 50％以上ならダメージ量+3 <br>1d8+20：的中時、[振動爆発]。沈潜10を付与	なし
29	投げ縄：薔薇の狩人	75	色欲 x1 暴食 x4 傲慢 x1	TETH	広がりゆく投げ縄	なし	自分の攻撃で対象が混乱または死亡した時、ランダムな敵2名に破裂3を付与	斬撃：暴食	対象と自分の速度が合計6以上ならスキル威力+2 対象の破裂の数7につき d 値+1（最大 2） <br>使用時：次のRにクイック2を得る <br>3d4：的中時、投げ縄2を付与 <br>3d4<br> 3d4：的中時、暴食共鳴数2につき破裂2を付与（最大 10）<br> 4d4：的中時、[破裂爆発]。破裂を3消費	斬撃：暴食	[敵味方識別不可] <br>対象と自分の速度が合計6以上ならスキル威力+2 対象の破裂の数7につき d 値-2（最大 4）<br> 使用時：次のRにクイック2を得る <br>16-1d10：的中時、投げ縄2を付与 <br>16-1d10：的中時、破裂4と出血2を付与 <br>16-1d10：的中時、[破裂爆発]	[投げ縄] <br>最大3<br>デバフ<br>R終了時、自分の速度だけ破裂を得て（最大 4）、次のRに束縛1を得る<br>R終了時1減少
30	過ぎし日：在りし日の肖像	75	怠惰 x3 憂鬱 x3	TETH	砕け散った昨日	なし	対象の沈潜が6以上ならマッチ威力+1	貫通：憂鬱	広域：対象3体<br> 攻撃後：対象が混乱または死亡したなら、ランダムな味方3名のSANを20回復 <br>1d7+10：的中時、沈潜7を付与。対象の沈潜が10以上なら次のRにて呪い2を付与	貫通：憂鬱	広域：対象3体 [敵味方識別不可] <br>対象に呪いがあるならダメージ量+3 <br>27-1d9：的中時、次のRにて沈潜3と傲慢脆弱 2、呪い1を付与	なし
31	びりびりどっかん：電球クラゲ	75	憂鬱 x3 嫉妬 x2	TETH	光を蓄える	なし	対象の戦術スキルによってダメージを受けた時、充電1を得る（1Rに最大5回）	打撃：憂鬱	使用時：充電3を得る<br> 使用後：自分の充電6ごとに次のRに保護1を得る（最大 4）<br> 5d3：的中時、充電4を得る<br> 4d6：的中時、次のRに麻痺2を付与	打撃：憂鬱	広域：対象3体 [敵味方識別不可] <br>25-1d20：的中時、次のRに麻痺2を付与。自分の充電が10以上あるなら追加で次のRに束縛2を付与	なし
32	メラメラ燃えた羽：蒼羽蝶	75	憂鬱 x4	TETH	包み込む炎	なし	R開始時、前のRでダメージを受けていなければ、全ての味方が憂鬱保護1を得る	打撃：憂鬱	広域：対象２体 <br>攻撃前：メインターゲットのHPが最大でないならスキル威力+6 <br>15d2：的中時、火傷8を付与	打撃：憂鬱	広域：対象２体 [敵味方識別不可] <br>攻撃前：メインターゲットのHPが最大ならスキル威力+6<br> 28-1d17：的中時、互いに火傷10と脆弱2を付与	なし
33	彼方の欠片：宇宙の欠片	75	色欲 x1 怠惰 x1 傲慢 x1 嫉妬 x1	TETH	理解不能	一方攻撃時	次のRに虚弱1または武装解除1をランダムに付与する	打撃：傲慢	このスキルはダイスのダメージを与えない <br>3d4：的中時、対象に10のSANダメージを与える<br> 3d4：的中時、対象に5のSANダメージを与える<br> 3d4：的中時、対象に3のSANダメージを与える	貫通：傲慢	広域：対象3体 [敵味方識別不可] <br>27-1d16：的中時、対象に15のSANダメージを与える	なし
34	凶弾：凶弾の射手	75	憤怒 x1 傲慢 x3 嫉妬 x2	TETH	潰れたペンダント	なし	R開始時、呼吸3を得る	貫通：傲慢	攻撃前：傲慢共鳴数1ごとにクリティカルダメージ量+1（最大 7）<br> 2d10：クリティカル的中時、沈潜3を付与し呼吸4を得る<br> 2d10：的中時、次のRに出血4を付与。クリティカル討伐時、自分が弾丸を使用する人格なら弾丸4を得る	貫通：傲慢	広域：対象3体 [敵味方識別不可] <br>攻撃前：傲慢共鳴数1ごとにクリティカルダメージ量+1（最大 7）。呼吸5ごとにダメージ量+2 <br>28-1d12：的中時、次のRに出血3と沈潜3を付与。クリティカル的中時、呼吸8を得る	なし
35	蓬萊：年老いた釣り人	75	憂鬱 x3 傲慢 x3	TETH	玉手箱	なし	感情レベルが上がる時、ダメージ量増加1と脆弱1を得る	貫通：傲慢	戦闘開始時：恐慌状態の敵に[鬱苦殺到]<br> 5d3：的中時、次のRに恐慌2を付与<br> 5d3：的中時、次のRに恐慌2を付与 <br>2d10：的中時、次のRに恐慌2を付与	貫通：傲慢	[敵味方識別不可] <br>戦闘開始時：自分以外の全てのキャラクターに[鬱苦殺到]<br> 23-1d18：的中時、次のRに恐慌3を付与 <br>23-1d18：的中時、精神崩壊1を付与	なし
36	電気哀鳴：夢見る電気羊	75	憤怒 x1 嫉妬 x3	TETH	過負荷ケーブル	なし	戦闘開始時、最大共鳴数が4以上ならパワー1 と保護1を得る。それが嫉妬なら追加で1得る	貫通：嫉妬	使用時：充電8を得る <br>使用後：ランダムな味方1人に充電5を付与 最大共鳴数が4以上なら付与対象を2人追加 <br>10d2：的中時、[破裂爆発]	打撃：嫉妬	広域：対象２体 [敵味方識別不可] <br>使用時：自分の充電を全て消費し、消費した充電1ごとに追加ダメージ+1 <br>26-1d17：的中時、次のRに麻痺2と破裂8を付与	なし
37	ネジの外れた一撃：お前ぶたれたい？しこたま？	75	憤怒 x1 傲慢 x3	TETH	お前ぶたれたい？しこたま？	なし	E.G.O 使用時、次のRにパワー3 と脆弱5を得る	打撃：嫉妬	3d7：的中時、次のRに傲慢保護3を得る	打撃：嫉妬	[敵味方識別不可] <br>5d9：的中時、次のRに憤怒保護2を得て麻痺4を付与	なし
38	呪いの釘：痛がるテディ	75	嫉妬 x6	TETH	いたい！	なし	自分が保有するデバフの種類1つにつき追加ダメージ+1（最大 5）	貫通：嫉妬	6d3：的中時、貫通脆弱3を付与<br> 4d4：的中時、嫉妬脆弱3と呪い3を付与	貫通：嫉妬	[敵味方識別不可]<br> 7d3：的中時、貫通脆弱3と嫉妬脆弱 3、呪い3を付与	なし
39	ノイズ：1.76 MHz	75	憤怒 x2 怠惰 x1 嫉妬 x3	TETH	4 月 23 日の記憶	なし	4÷（スキルのランク）だけスキル威力+1（最大 2）	[影響]	2R/ 1R：全ての味方にパワー2 と敵識別不可を付与<br>2R：全ての味方にパワー2 と敵識別不可を付与	[影響]	3R[敵味方識別不可] <br> 1R：全てのキャラクターにパワー2 と敵味方識別不可を付与<br> 2R：全てのキャラクターにパワー2 と敵味方識別不可を付与 <br>3R：全てのキャラクターにパワー2 と敵味方識別不可を付与	なし
40	4本目のマッチの火：マッチガール	125	憤怒 x3 色欲 x1 怠惰 x1	HE	歩み	なし	攻撃前、自分のHPが 20％以下なら、攻撃対象に 100 ダメージ与えて死亡する	斬撃：憤怒	広域：対象5体 <br>1d40：的中時、火傷をダイスの出目と同じだけ付与	貫通：憤怒	広域：対象8体 [敵味方識別不可] <br>使用時：全てのキャラクターが火傷3を得る<br> 49-1d40：的中時、火傷をダイスの出目と同じだけ付与	なし
41	カポーテ：真鍮の雄牛	125	憤怒 x3 色欲 x3	HE	冷ませぬ興奮	なし	R開始時、火傷1を得る。憤怒の戦術スキルのダメージ量+2	打撃：憤怒	マッチ開始時：対象が火傷状態なら次のRにてパワー3 を得る<br> 10d2：的中時、[振動爆発]。全ての敵に火傷10を付与	打撃：憤怒	[敵味方識別不可] <br>使用時：対象が火傷状態なら次のRにてパワー3 を得て振動10を得る<br> 42-1d35：的中時、[振動爆発]。全てのキャラクターに火傷10を付与。	なし
42	紅炎殺：紅炎蛾	125	憤怒 x5 怠惰 x1	HE	揺れる小さな花火	なし	的中時、対象が火傷状態ならランダムなキャラクター2 名に火傷1を付与	貫通：憤怒	1d10+22：的中時、憤怒共鳴数 x3 だけ対象に火傷を付与する。	貫通：憤怒	[敵味方識別不可] <br>1d15+20：的中時、憤怒共鳴数 x4 だけ対象に火傷を付与する。	なし
43	ハーモニー：歌う機械	125	憤怒 x3 暴食 x3 傲慢 x2	HE	リズム	憤怒 x3 共鳴	与えるダメージと受けるダメージが5増加する	打撃：憤怒	戦闘開始時：全てのキャラクターに[的中時、3 のSANダメージを受ける]を全ダイスに追加 <br>2d9：的中時、最低値または最大値でなければこのダイスを再使用（最大 2）<br> 2d9+2：的中時、最低値または最大値でなければこのダイスを再使用（最大 2）<br> 2d9+3：的中時、ランダムな味方3名に次のRにパワー3 を付与	打撃：憤怒	[敵味方識別不可] <br>戦闘開始時：全てのキャラクターの攻撃スキルの威力+1~3、守備スキルの威力が1に固定<br> 29-1d20：的中時、ランダムな味方3名に次のRにパワー1 を付与<br> 29-1d20：的中時、ランダムな味方3名に次のRにパワー1 を付与 <br>29-1d20：的中時、ランダムな味方3名に次のRにパワー1 を付与	なし
44	9章 2節：皮膚の予言者	125	憤怒 x2 色欲 x5	HE	破滅の予言	なし	色欲の戦術スキルのダメージ量+3 最大値的中時、色欲資源を5獲得	打撃：色欲	広域：対象3体<br> 攻撃前：色欲共鳴数が4以上なら広域対象6体へと変更 <br>26-1d12：的中時、火傷5を付与。現在の色欲共鳴数だけ付与量増加	打撃：色欲	広域：対象3体 [敵味方識別不可] <br>攻撃前：色欲共鳴数が4以上なら広域対象6体へと変更 <br>26-1d12：的中時、色欲脆弱3を付与。現在の色欲共鳴数だけ付与量増加	なし
45	Laetitia：レティシア	125	色欲 x4 嫉妬 x4	HE	愉快ないたずら	なし	マッチ敗北時、8 の追加ダメージを対象に与える	打撃：色欲	広域：対象4体<br> 2d8：的中時、次のRの間、対象は戦術 0 しか使えなくなる（強敵には無効）	打撃：色欲	広域：対象4体 [敵味方識別不可]<br> 27-1d20：的中時、次のRの間、対象は戦術 0 しか使えなくなる（強敵には無効）	なし
46	偏った慣性：ゼンマイ装置時間起き上がりこぼし	125	怠惰 x2 憂鬱 x1 傲慢 x2 嫉妬 x2	HE	壊れた鐘	なし	振動爆発時、対象に次のRにて脆弱1を付与	打撃：怠惰	広域：対象3体 <br>攻撃前：最大共鳴数+2 だけ自分の振動が増加（最大 8） 該当共鳴が怠惰共鳴なら自分の振動を振動-ネジ巻きへ[振幅変換] <br>2d10：的中時、振動8を付与 <br>2d10：的中時、[振動爆発]。振動を1消費。次のRに怠惰脆弱3を付与	打撃：怠惰	広域：対象3体 [敵味方識別不可] <br>攻撃前：最大共鳴数+4 だけ自分の振動が増加（最大 8） 該当共鳴が怠惰共鳴なら自分の振動を振動-ネジ巻きへ[振幅変換] <br>29-4d5：的中時、振動8を付与<br> 29-4d5：的中時、[振動爆発]。振動を1消費。次のRに怠惰脆弱3を付与	なし
47	瓦礫：石像のマリア	125	怠惰 x5 憂鬱 x1	HE	瓦礫のように眠る	なし	振動爆発時、次のRにて束縛 1、ダメージ量増加3を得る	打撃：怠惰	使用時：偶数Rなら全ての味方に次のRに束縛1を付与 奇数Rなら自分が次のRに脆弱 3、パワー5 を得る<br> 1d19+9：的中時、[振動爆発] 振動を3消費し対象の振動を振動-崩壊へ[振幅変換]	打撃：怠惰	[敵味方識別不可] <br>使用時：偶数Rなら全ての味方に次のRに束縛 2、パワー3 を付与 奇数Rなら全ての味方に次のRに保護 5、虚弱3を付与<br> 38-2d9：的中時、[振動爆発] 振動を3消費し対象の振動を振動-崩壊へ[振幅変換]	なし
48	狐雨：さすらいの狐	125	怠惰 x2 暴食 x1 憂鬱 x2 傲慢 x1	HE	雨上がりの陽射し	なし	R開始時、全ての味方のSANが2回復	[影響]	3R/ 1R：全ての味方が保護2と打撃威力増加2を得る<br>2R：全ての味方が保護2と打撃威力増加2を得て、全ての敵に武装解除5を付与<br>3R：全ての味方が保護2と打撃威力増加2を得て、全ての敵に虚弱5を付与	貫通：怠惰	広域：対象5体 [敵味方識別不可] <br>使用時：全てのキャラクターに脆弱5を付与 <br>35-1d29	なし
49	クリスマスの悪夢：心地よいベッド	125	怠惰 x4 暴食 x1 傲慢 x2	HE	暗闇の中の視線	なし	味方が得る振動の数+1（重複不可）	打撃：怠惰	広域：対象3体 <br>攻撃前：最大共鳴数+5 だけ自分の振動が増加（最大 10）<br> 攻撃後：混乱または士気低下状態の対象を攻撃したならSANを10回復<br> 5d4：的中時、振動5を付与。対象が混乱・士気低下状態でないなら追加で沈潜5を付与 <br>8d3：的中時、[振動爆発]。振動を1消費	打撃：怠惰	広域：対象5体 [敵味方識別不可] <br>攻撃前：最大共鳴数+5 だけ自分の振動が増加（最大 10） <br>攻撃後：混乱または士気低下状態の対象を攻撃したならHPを10回復<br> 28-1d25：的中時、振動5を付与。対象が混乱・士気低下状態でないなら追加で沈潜7を付与 <br>28-1d25：的中時、[振動爆発]。振動を1消費<br> 28-1d25：的中時、[振動爆発]。振動を1消費	なし
50	紅籍：誰も泣かぬように	125	色欲 x2 暴食 x1 憂鬱 x2	HE	祈願符	なし	的中時、対象が破裂状態なら、対象の破裂の数2ごとに次のRに破裂1を付与（最大 5）	打撃：怠惰	戦闘開始時：全ての味方が破裂2とダメージ量増加3を得る<br> 12d3：的中時、破裂8を付与。対象の破裂の数3ごとに呪いの札1を得る	打撃：怠惰	[敵味方識別不可] <br>戦闘開始時：全ての味方が破裂5とダメージ量増加6を得る <br>38-2d12：的中時、[破裂爆発]。破裂爆発で与えたダメージ量2ごとに呪いの札1を得る	なし
51	執行：天の執行官の補佐	125	怠惰 x4 傲慢 x3	HE	天の宣告	なし	敵が混乱するたびに最もHPが低い味方のHPを10回復	打撃：怠惰	攻撃後：最もHPが低い味方2名のHPを最大HPの 25％だけ回復 <br>7d4：的中時、HPが最も低い味方3名にバリア30を付与	打撃：怠惰	[敵味方識別不可] <br>攻撃後：最もHPが低い味方2名にダメージ量増加3と脆弱5を付与 <br>33-1d28：的中時、[振動爆発]。対象へ20の追加SANダメージ	なし
52	ヘデイク：煙造人間	125	憤怒 x3 怠惰 x1 傲慢 x2	HE	頭痛	自分の煙の数が 4 以上	煙で受ける追加ダメージ-2	貫通：怠惰	使用時：全てのキャラクターに煙5を付与する<br> 9d2：的中時、自分の煙の数だけ追加ダメージ<br> 9d2：的中時、自分の煙の数だけ追加ダメージ	[影響]	4R/ 1R：全てのキャラクターに煙3を付与<br> 2R：全てのキャラクターに煙5を付与<br> 3R：全てのキャラクターに煙5を付与<br>4R：全てのキャラクターが煙の数 x2 だけダメージを受け、煙を全て消費	なし
53	気配り：茶会で歌う帽子屋	125	憤怒 x2 暴食 x5 嫉妬 x1	HE	お誕生日じゃない日の歌	なし	破裂爆発または振動爆発の破裂消費と振動消費量が2減少	貫通：暴食	戦闘開始時：破裂状態または振動状態の全ての敵のマッチ威力を1減少 <br>28-1d20：的中時、[破裂爆発]。破裂を5消費。[振動爆発]。振動を5消費	貫通：暴食	[敵味方識別不可] <br>攻撃前：対象に10の追加SANダメージ <br>25-1d10：的中時、ランダムなキャラクター1 名のSANを 0 にする。そのキャラクターが E.G.O を所持しているなら次のRに E.G.O 侵蝕状態にする	なし
54	黒い枝：黒檀女王の林檎	125	暴食 x4 傲慢 x2	HE	不信の枝	なし	貫通ダメージ量増加1を得る。感情レベル1ごとに追加で1得る（最大 3）	貫通：暴食	広域：対象7体<br> 2d13：的中時、次のRに破裂4と出血 2、暴食脆弱2を付与	貫通：暴食	広域：対象7体 [敵味方識別不可] <br>36-1d29：的中時、次のRに破裂4と出血 5、暴食脆弱3を付与	なし
55	提灯：妖精提灯	125	暴食 x4 傲慢 x2	HE	好餌妖精	なし	敵討伐時、HPを 20~40 回復する	貫通：暴食	3d8：的中時、与えたダメージ量だけHPを回復	[影響]	3R/ 1R：ランダムな味方3名に呼吸4を付与し、呼吸-好餌へと[深吸変換] <br>2R：ランダムな味方4名に呼吸6を付与し、呼吸-好餌へと[深吸変換] <br> 3R：ランダムな味方5名に呼吸8を付与し、呼吸-好餌へと[深吸変換]	なし
56	作り物の翼：木製の天使	125	暴食 x4 憂鬱 x4	HE	棘の羽	なし	被ダメージ時、対象に破裂2を付与	斬撃：暴食	戦闘開始時：破裂状態の全てのキャラクターに破裂10を付与<br> 3d5：破壊不能ダイス。的中時、破裂2を付与<br> 3d5：破壊不能ダイス。的中時、破裂2を付与<br> 2d12：破壊不能ダイス。的中時、[破裂爆発] を2回発動し、破裂を3消費	斬撃：暴食	広域：対象3体 [敵味方識別不可]<br> 戦闘開始時：破裂状態でない全てのキャラクターに破裂10を付与 <br>24-2d7：的中時、[破裂爆発]。破裂を2消費 <br>24-2d7：的中時、[破裂爆発]。破裂を2消費	なし
57	ホリデイ：サンドルフ	125	色欲 x2 怠惰 x1 憂鬱 x3	HE	平等なプレゼント	なし	全てのキャラクターのバフ獲得量+1（重複不可）	打撃：暴食	広域：対象4体<br> 攻撃後：全ての味方のSANを20回復 <br>1d11+20：的中時、[振動爆発]	打撃：暴食	[敵味方識別不可] <br>攻撃前：全ての味方がパワー2 か脆弱2をランダムに得る <br>34-1d15：的中時、[振動爆発]。全ての味方が次のRに憤怒保護5を得る	なし
58	沸き立つ腐食：歩く真珠	125	暴食 x5 憂鬱 x1	HE	緑色のエキス	なし	被ダメージ時、自分のHPが最大値の 50％未満なら攻撃者に毒1を付与	打撃：暴食	使用時：自分のHPが最大値の 50％未満なら広域：対象3体に変更 <br>15+1d13：的中時、毒4と暴食脆弱3を付与	打撃：暴食	[敵味方識別不可] <br>使用時：自分のHPが最大値の 50％未満なら広域：対象3体に変更<br> 32-3d10：的中時、毒10を付与。与えたダメージ量の半分だけHPを回復	なし
59	厳粛な哀悼：死んだ蝶たちの葬儀	125	色欲 x1 怠惰 x2 憂鬱 x2 嫉妬 x2	HE	哀悼	なし	士気低下状態または混乱状態の対象に与えるダメージ量+3	打撃：憂鬱	広域：対象3体 [広域乱射]<br> 攻撃後：的中したダイスの数 x2 だけSANを回復<br>8d2：的中時、蝶1を付与<br> 8d2：的中時、蝶1を付与 <br>6d2+3：的中時、蝶1を付与しSANが 1~6 減少する。自分のSANが 10％以上ならこのダイスを再使用（最大5回）	[影響]	3R/ 1R：沈潜状態のキャラクターのマッチ威力-3 <br>2R：沈潜状態のキャラクターのスキル威力-3 <br> 3R：沈潜状態のキャラクターの行動回数1減少	なし
60	視線：シャーデンフロイデ	125	憂鬱 x6	HE	ひと目	なし	マッチ進行時、スキル威力が 03 増加<br>一方攻撃時、スキル威力が 04 減少する。	斬撃：憂鬱	一方攻撃時：このスキルは斬撃反撃になる <br>2d10：的中時、追加HPダメージ+7。[破裂爆発]。破裂を2消費 <br>2d10：的中時、追加HPダメージ+7。[破裂爆発]。破裂を2消費<br> 2d10：的中時、追加HPダメージ+7。[破裂爆発]。破裂を2消費 <br>2d10：的中時、追加HPダメージ+7。[破裂爆発]。破裂を2消費	斬撃：憂鬱	[敵味方識別不可] <br>一方攻撃時：このスキルは斬撃反撃になる<br> 29-1d20：的中時、追加HPダメージ+7。[破裂爆発]。破裂を2消費 <br>29-1d20：的中時、追加HPダメージ+7。[破裂爆発]。破裂を2消費 <br>29-1d20：的中時、追加HPダメージ+7。[破裂爆発]。破裂を2消費<br> 29-1d20：的中時、追加HPダメージ+7。[破裂爆発]。破裂を2消費	なし
61	水袋：断首魚	125	憂鬱 x4 嫉妬 x2	HE	包み込む液体	なし	憂鬱スキルで攻撃的中時、次のRにて保護を1得る（最大 3）	打撃：憂鬱	広域：対象5体 <br>使用時：全ての味方のSANが20回復<br> 6d3：的中時、[振動爆発]。全ての味方のHPが10回復	打撃：憂鬱	広域：対象3体 [敵味方識別不可] <br>10d2：的中時、対象に20のSANダメージを与え、脆弱3を付与	なし
62	AEDD：衝撃ムカデ	125	暴食 x1 憂鬱 x2 嫉妬 x2	HE	電力放出	なし	対象に破裂を付与する時、その付与数だけ充電を得る<br>破裂爆発時、充電10を得る	[同化]	1：巻き締める 打撃：憂鬱 使用時：充電4を得る<br> 3d8 <br> 2：電気注入 貫通：憂鬱 <br>マッチ勝利時：自分に充電があれば対象に与えるダメージ量+3<br>3d5：的中時、破裂1を付与 <br>3d5：的中時、破裂1を付与 <br>3d5：的中時、破裂1を付与<br> 3d5：的中時、破裂1を付与<br> 3：電流爆発 打撃：嫉妬 <br>4d3：的中時、対象に破裂があるなら充電2を得る <br>4d3：的中時、対象に破裂があるなら充電2を得る<br> 4d3：的中時、対象に破裂があるなら充電を10消費し、追加ダメージ+20 <br> 4：超高圧電気放出 斬撃：憂鬱 <br>使用時：充電が15以上あるなら、広域指定人数+2 破裂状態のキャラクターを優先して指定 <br>10d2：的中時、充電を10消費して対象に破裂3を付与。[破裂爆発]	斬撃：傲慢	広域：対象3体 [敵味方識別不可] <br>使用時：充電7を得る <br>36-2d9：的中時、充電を10消費して対象に破裂3を付与。[破裂爆発]	なし
63	監視画面：累積記録の子供たち	125	憤怒 x2 傲慢 x3 嫉妬 x3	HE	監査	なし	充電状態の味方1名にダメージ量減少1とマッチ威力増加1を付与	斬撃：傲慢	広域：対象2体 戦闘開始時：両隣の味方の充電を半減、減少させた充電の数だけ充電を得る 攻撃後：全ての味方が充電を得ているなら次のRにマッチ威力増加1を得る 2d10+7：的中時、自分の充電の数2ごとに次のRに混乱脆弱1を付与（最大 5）	斬撃：傲慢	広域：対象2体 [敵味方識別不可] <br>戦闘開始時：両隣の味方の充電を半減、減少させた充電の数だけ充電を得る <br>攻撃後：全ての敵が充電を得ているなら次のRに全ての敵にダメージ量減少3を付与 <br>35-5d5：的中時、自分の充電の数2ごとに次のRに脆弱1を付与（最大 5）	なし
64	胸痛：過ぎ去りし日の寝袋	125	憤怒 x1 色欲 x1 傲慢 x5	HE	息	傲慢 x3 共鳴	ランダムな味方2名に呼吸4を付与	斬撃：傲慢	攻撃前：最大共鳴数だけ呼吸を得る<br> 対象討伐時：呼吸8を得る<br> 3d9 <br>2d12：クリティカルダメージ量+2、自分の呼吸1ごとに追加で+1（最大 30）	斬撃：傲慢	[敵味方識別不可] <br>攻撃前：呼吸が5以上なら呼吸3ごとにスキル威力+1（最大 5）<br> 24-2d10 <br>28-2d12：クリティカルダメージ量+3、自分の呼吸1ごとに追加で+1（最大 30）	なし
65	次元裂き：道を失った乗客	125	暴食 x3 傲慢 x2	HE	彷徨う者	なし	R開始時、前のRでダメージを受けていなければ充電3を得る	貫通：憂鬱	使用時：充電を最大15消費し、消費した数 x2 だけダメージ量増加<br> 5d4：的中時、破裂5を付与	斬撃：憂鬱	[敵味方識別不可] <br>使用時：充電を最大20消費し、消費した数だけ破裂を付与<br>36-1d20：的中時、[破裂爆発]	なし
66	魔法の消失：かぼちゃの馬車	125	怠惰 x1 暴食 x3 傲慢 x1 嫉妬 x1	HE	12 時の魔法	なし	12Rまで自分が得た全てのバフを持ち越す（各種最大 3）<br>13R以降、戦闘開始時、上記の効果で持ち越した各バフの数の合計 x5 だけ追加ダメージを受ける	打撃：傲慢	使用時：全ての味方が現在R数だけSANを回復。13R以降なら現在R数だけSANダメージを受ける <br>12d1：破壊不能ダイス <br>12d1：破壊不能ダイス<br>12d1：破壊不能ダイス。的中時、現在R数だけHPを回復	[影響]	1R/ 1R：現在Rを 3d2 進行	なし
67	魔法の弾丸：魔弾の射手	125	憤怒 x1 傲慢 x5 嫉妬 x2	HE	7 つ目の弾丸	なし	攻撃スキルで与えるダメージ量が 1~7 増加する<br>スキルの使用7回ごとにスキルが敵味方識別不可になる	貫通：傲慢	広域：対象3体 対象の火傷3につきダメージ量+1（最大 10）<br> 攻撃前：最大共鳴数だけ弾丸-魔弾を得る（最大 4） <br>攻撃後：メインターゲットが死亡したなら火傷を持つ全ての敵へ黒炎4を付与 <br>18d2：的中時、魔弾の数だけ火傷と黒炎を付与	貫通：傲慢	広域：対象3体 [敵味方識別不可]<br>HPが最も低いキャラクターを優先<br> 攻撃前：最大共鳴数だけ弾丸-魔弾を得る（最大 4）<br> 使用時：弾丸があるなら弾丸-魔弾へと[弾倉変換] <br>20-1d17：的中時、黒炎3を付与<br> 20-1d17：的中時、火傷3を付与 <br>30-1d25：対象の火傷と黒炎の数の合計だけダメージ量が増加（最大 30）	[弾丸-魔弾] <br>銃撃ダイスがあるスキルでマッチ勝利時、火傷3付与 消費することで特定戦術の能力が向上
68	旋律：奏で続けるヴァイオリニスト	125	憤怒 x3 憂鬱 x2 嫉妬 x3	HE	幻想曲	なし	沈潜の数が30以上のキャラクターが混乱状態になる（強敵無効）	打撃：嫉妬	広域：対象4体<br>使用時：没伏5を得る<br> 4d5+5：的中時、対象の沈潜を沈潜-悲劇へと[沈思変換]	打撃：嫉妬	広域：対象4体 [敵味方識別不可]<br> 攻撃後：沈潜状態ではない全てのキャラクターに沈潜10を付与<br> 30-1d25：的中時、[沈潜殺到]	[没伏]<br> 最大10<br>中立バフ<br>R開始時、没伏の数だけ沈潜を得る<br>攻撃的中時、没伏の数だけ対象に沈潜を付与
69	朽ちた庭園：美を追求した庭師	125	暴食 x3 憂鬱 x2	HE	美しき一輪の花	なし	R開始時、SAN回復量増加を3得る	[同化]	1：薔薇のアーチ 貫通：憤怒<br> 2d10 <br>2d9：的中時、自分のHPを3回復する<br>2：トピアリー 打撃：暴食 <br>使用時：味方全員に次のRに保護3を付与する <br>2d8 <br>2d8 <br>2d6 <br>3：緑のカーテン 貫通：嫉妬 <br>マッチ勝利時：自分以外の味方のSANを15回復 <br>4d4 <br>3d5 <br>2d7 <br>4：キオスク 斬撃：憂鬱<br> 使用時：混乱状態の全キャラクターを混乱から回復させる <br>7d3<br> 8d3	[影響]	3R/ 1R：全キャラクターが束縛1を得る。R開始時、味方全員のHPを10回復<br>2R：全キャラクターが束縛2を得る。R開始時、味方全員のHPを10回復<br> 3R：全キャラクターが束縛4を得る。R開始時、味方全員のHPを10回復	なし
70	紅い傷跡：赤い頭巾の傭兵	250	憤怒 x3 傲慢 x3 嫉妬 x3	WAW	復讐	なし	10 ダメージ受けるごとに次のRにパワー1 を得る（最大 2）	[同化]	1：呼吸法 斬撃：傲慢 使用時：HPとSANを6回復 3d8 2d7 2d7：的中時、次のRに武装解除5を付与 / 2：榴弾 貫通：憤怒 マッチ勝利時：次のRに脆弱3を付与 5d6 4d4 / 3：揺るぎない一撃 打撃：憤怒 広域：対象6体 1d15+8 / 4：乱射 貫通：嫉妬 広域：対象7体 4d7 4d7 4d7	貫通：憤怒	広域：対象10体 [敵味方識別不可]<br> 32-1d30：的中時、追加ダメージ+8<br>32-1d30：的中時、追加ダメージ+8<br> 32-1d30：的中時、追加ダメージ+8	なし
71	指定裁判：灼熱公爵	250	憤怒 x7 傲慢 x3	WAW	灼熱遊戯	なし	キャラクターが火傷で死亡時、全ての敵に火傷5を付与し自分のSANを8回復	貫通：憤怒	広域：対象4体 <br>攻撃後：HPが最も低い味方3名のHPを20回復<br> 5d5+6：的中時、火傷8を付与 <br>5d6+7：的中時、メインターゲットに次のRに熱せられた鳥籠を（（憤怒共鳴数/2）+1）だけ付与（最大 3）	貫通：憤怒	広域：対象4体 [敵味方識別不可] <br>マッチ敗北時：スキル威力-30<br> 36-1d25：破壊不能ダイス。破壊されずに的中時、火傷10を付与。メインターゲットにはさらに熱せられた鳥籠を（憤怒共鳴数+1）だけ付与（最大 5）<br> 36-1d22：破壊不能ダイス。メインターゲットの火傷2ごとにメインターゲットへのダメージ量+1（最大 30）。敵討伐時、HPが最も低い味方2名に憤怒威力増加1と憤怒ダメージ量増加2を付与	[熱せられた鳥籠] <br>最大5<br>デバフ<br>火傷があるなら、熱せられた鳥籠の数だけ憤怒脆弱を得る<br>R終了時、熱せられた鳥籠の数だけ次のRに束縛を得て数値が半減
72	高らかな警笛：地獄への急行列車	250	憤怒 x3 暴食 x2 嫉妬 x4	WAW	地獄への手配	なし	追加ダメージを与えるダイスで攻撃的中時、次のRにダメージ量増加1を得る（最大 3）	斬撃：憤怒	広域：対象3体<br>攻撃前：SANが最も低い味方3名のSANを20回復し、HPダメージを10与える <br>使用時：対象のHPが最大値の 50％以上なら、HPダメージを15与える<br> 8d3：的中時、追加HPダメージ+5 <br>2d9：的中時、追加HPダメージ+5 <br>2d9：的中時、追加HPダメージ+5	打撃：憤怒	広域：対象7体 [敵味方識別不可] <br>攻撃前：SANが最も低い味方3名にダメージ量増加3を付与し、SANダメージを10与える <br>使用時：HPが最大値の 50％以上の全てのキャラクターにダメージを15与える <br>8d8：このダイスはダメージを与えない。的中時、対象のHPが最大値の 50％以下なら、このダイスの出目の数だけ追加ダメージ	なし
73	茨の花園：薔薇の表示板	250	憤怒 x2 色欲 x2 怠惰 x2 暴食 x2 憂鬱 x2 傲慢 x2 嫉妬 x2	WAW	罪を宿した茨	なし	出血キーワードを持つスキルでマッチ勝利時、残ったダイスの数だけ次のRに出血を付与	斬撃：色欲	広域：対象3体 <br>攻撃前：最大共鳴数が4以上なら、対象8体へと変更 <br>1d10+20：的中時、HPが最も低い味方2名のHPを 18 回復。最大共鳴数が4以上なら、味方全員のHPを 18 回復	斬撃：傲慢	広域：対象4体 [敵味方識別不可] <br>攻撃前：最大共鳴数が4以上なら、対象9体へと変更<br> 48-1d32：的中時、最も保有数の多い大罪の脆弱を次のRに4付与	なし
74	空即是色：我、空に至れり	250	憤怒 x1 色欲 x3 怠惰 x1 嫉妬 x2	WAW	摩訶修利	なし	自分の全ての戦術スキルの大罪が色欲に変更される	打撃：色欲	戦闘開始時：HPが 20％以下のキャラクターを死亡させる（強敵無効）<br>使用時：対象のデバフの数だけダメージ量+1（最大 100） <br>10d2	打撃：色欲	[敵味方識別不可] <br>戦闘開始時：HPが 50％以上のキャラクターに、それぞれのデバフの数だけHPダメージを与える（最大 50） <br>使用時：対象のデバフの数だけダメージ量+1（最大 100）<br> 47-1d40	なし
75	渇望-ミルカラ：四百輪の薔薇	250	色欲 x5 暴食 x3 傲慢 x2 嫉妬 x2	WAW	高くそびえる紅い花	なし	全てのキャラクターが出血ダメージを10受けるごとに、自分のSANを1回復	貫通：色欲	このスキルを使用する間はHPが1未満にならない <br>対象の出血10ごとにスキル d 値+1（最大 2）<br> 血餐 100 ごとにマッチ威力+1 <br>3d9：破壊不能ダイス。血餐10につき、ダメージ量+1（最大 9）<br> 3d9：破壊不能ダイス。血餐10につき、ダメージ量+1（最大 9）<br> 3d9：破壊不能ダイス。血餐10につき、ダメージ量+1（最大 9）<br> 3d9：破壊不能ダイス。血餐10につき、ダメージ量+1（最大 9）。マッチ勝利的中時、色欲共鳴数が4以上なら渇望する薔薇3を付与	貫通：色欲	[敵味方識別不可]<br> このスキルを使用する間はHPが1未満にならない 対象の出血10ごとに d 数-1（最大 2） 血餐 100 消費しマッチ威力+1 <br>マッチ敗北時：スキル威力-25 <br>30-2d10：破壊不能ダイス。血餐30につき次のRに出血2を付与（最大 30）<br> 30-2d10：破壊不能ダイス。マッチ勝利的中時、ダメージ量の半分だけHPを回復。渇望する薔薇3を付与	[渇望する薔薇] <br>最大5<br>デバフ<br>R終了時、渇望する薔薇の数だけ出血を発動<br>R終了時、1 減少
76	軽蔑、畏敬：軽蔑の螺旋	250	憤怒 x3 色欲 x4 傲慢 x4 嫉妬 x3	WAW	視線の痕跡	なし	自分が戦術スキルを使用する際、最も少ない大罪資源を1得る（1Rに1回）	斬撃：色欲	攻撃前：最大共鳴数だけ広域指定人数増加（最大 4）。最大共鳴数+1 だけ軽蔑の視線を得る（最大 7） 攻撃後：色欲共鳴数が3以上なら全ての大罪資源を色欲共鳴数だけ得る（最大 7） 1d14+7：的中時、次のRに出血15を攻撃対象に均等に分けて付与	斬撃：色欲	[敵味方識別不可] <br>攻撃前：軽蔑の視線7を得る <br>攻撃後：色欲共鳴数が3以上なら全ての大罪資源を色欲共鳴数だけ得る（最大 7）<br>27-2d12：的中時、対象の出血の数だけ追加HPダメージを与え、次のRに色欲共鳴数だけダメージ量減少を得る（最大 7）	[軽蔑の視線] <br>最大7<br>バフ<br> 軽蔑の視線1ごとに与ダメージ量+7R終了時に消滅<br>R終了時に軽蔑の視線が7なら消滅する代わりに次のRに視線の軽蔑に変換 <br>[視線の軽蔑]<br>最大7<br>バフ<br> 保護 7、ダメージ量減少 7、挑発値10を得る<br> 視線の軽蔑がある間、軽蔑の視線を得られないR終了時に消滅
77	永続：時間アヒル	250	色欲 x2 怠惰 x4 傲慢 x3 憂鬱 x2	WAW	走る時間	なし	振動爆発ダイスで攻撃的中時、追加で振動爆発を1回発動	貫通：怠惰	攻撃前：最大共鳴数が3以上の時、最大共鳴数 x3 だけ振動を付与 <br>2d9+1：的中時、振動-永続に[振幅絡縺] <br>2d10+1：的中時、[振動爆発]。振動を1消費 <br>2d11+1：的中時、[振動爆発]。振動を1消費 <br>2d12+1：的中時、[振動爆発]。振動を1消費	貫通：怠惰	広域：対象7体 [敵味方識別不可] <br>攻撃前：最大共鳴数が3以上の時、最大共鳴数 x3 だけ振動を付与<br>47-3d10：的中時、[振動爆発]を10回発動し、振動5を消費	なし
78	ホーネット：女王蜂	250	怠惰 x7 傲慢 x3	WAW	胞子	なし	キャラクター死亡時、全てのキャラクターが次のRに出血2を得る	貫通：怠惰	戦闘開始時：自分の減少HP10 ごとに両隣の味方にパワー1 を付与（最大 5）<br> 38-7d5：的中時、出血10と脆弱3を付与	貫通：怠惰	[敵味方識別不可]<br> 攻撃前：自分のHPが 25％以下なら、スキル威力+15。攻撃後、死亡する<br> 38-3d10：的中時、内臓崩壊1を付与	なし
79	粉砕される過去：蒸気運搬機械	250	憤怒 x2 色欲 x2 怠惰 x6 嫉妬 x1	WAW	メトロノーム	なし	R開始時、奇数Rならダメージ量増加 1、偶数Rなら保護1を得る<br>使用後、蓄積された過去1を得る	打撃：怠惰	広域：対象5体<br> 攻撃前：最大共鳴数2ごとに攻撃対象へ振動2を付与（最大 10）。メインターゲットの振動が30以上ならスキル威力+4 <br>攻撃後：自分の蓄積された過去の数 x3 だけHPを回復<br> 4d4+2：的中時、振動3を付与。メインターゲットの振動を現在の振動へ[振幅絡縺] <br>4d4+2：的中時、振動4を付与。怠惰共鳴数2ごとに振動付与量+1（最大 5）<br> 3d8+4：メインターゲットの振動の数2ごとにダメージ量+1（最大 20）<br> 2d10+5：メインターゲットの振動の数2ごとにダメージ量+1（最大 40）。的中時、[振動爆発]。振動を1消費。ダイス効果によるダメージ量増加が20以上なら追加で[振動爆発]。振動を1消費。ダイス効果によるダメージ量増加が40以上なら追加で[振動爆発]を2回発動し、振動を2消費	打撃：怠惰	広域：対象8体 [敵味方識別不可] <br>最大共鳴数1につきダメージ量+1（最大 10）。該当共鳴が怠惰共鳴なら代わりにダメージ量+2（最大 20）<br> 攻撃前：奇数Rに怠惰共鳴数が偶数か、偶数Rに怠惰共鳴数が奇数ならダメージ量+12 <br>攻撃後：自分の蓄積された過去の数 x3 だけHPを回復 <br>34-2d16：メインターゲットの振動の数2ごとにダメージ量+1（最大 40）。的中時、振動を10付与しメインターゲットの振動を現在の振動へ[振幅絡縺]。[振動爆発]を2回発動し、振動を2消費。ダイス効果によるダメージ量増加が40以上なら追加で[振動爆発]を2回発動し、振動を2消費	[蓄積された過去]<br>最大12<br> バフ<br>R開始時、数値3ごとにマッチ威力+1<br>R終了時、数値が1増加
80	汚血泣涙：応龍	250	色欲 x2 暴食 x6 傲慢 x2	WAW	泣涙	なし	R終了時、このRに自分がデバフを保有していたならSANを7回復	貫通：暴食	広域：対象5体<br> 使用前：暴食共鳴数だけ埋花針を得る（最大 5）<br> 使用時：自分の埋花針の数 x2 だけHPダメージを受ける<br> 7d3：的中時、破裂5を付与 <br>9d2+4：的中時、[破裂爆発]。破裂2を消費。自分の減少HP5 ごとに破裂爆発のダメージ量+1（最大 15）。自分のHPが 30％以下または自分の埋花針が20ならこのダイスを再使用。再使用的中時、このダイスのダメージ量が15増加し、攻撃後死亡する	貫通：暴食	広域：対象7体 [敵味方識別不可] <br>使用前：暴食共鳴数だけ埋花針を得る（最大 5）<br> マッチ敗北時：スキル威力-10<br> 15-1d8：破壊不能ダイス。[破裂爆発]。破裂を1消費 <br>15-1d8：破壊不能ダイス。[破裂爆発]。破裂を1消費<br> 15-1d8：破壊不能ダイス。[破裂爆発]。破裂を1消費 <br>15-1d8：破壊不能ダイス。[破裂爆発]。破裂を1消費	[埋花針] <br>最大20<br>中立バフ<br> 数値5ごとにダメージ量増加1を得る<br> 死亡時、全てのキャラクターに埋花針の数だけ暴食ダメージを与え、破裂5を付与する
81	ねこかぶり：長靴をはいた猫	250	色欲 x5 暴食 x5	WAW	大きな長靴	なし	束縛2を得て、全キャラクターの行動順を逆にする	斬撃：暴食	マッチ開始時：このダイスを回避ダイスとして扱う。3 回以上回避に成功したなら、貫通属性の攻撃ダイスとしてこのスキルを再度使用する<br> 2d12+8：回避成功時、次のRに束縛2を付与。的中時、対象の現在の速度+束縛の数だけ脆弱付与（最大 5）	斬撃：暴食	[敵味方識別不可] <br>マッチ開始時：このダイスを回避ダイスとして扱う。3 回以上回避に成功したなら、貫通属性の攻撃ダイスとしてこのスキルを再度使用する <br>33-2d10：回避成功時、次のRに脆弱2を付与。的中時、対象の現在の速度+脆弱だけ束縛付与（最大 5）	なし
82	悪への道：厄災の狸	250	憂鬱 x4 嫉妬 x5	WAW	許されざる行い	なし	クリティカル的中時、次のRに脆弱1を付与（最大 2）	斬撃：憂鬱	攻撃前：呼吸8を得る<br> 攻撃後：呼吸が消費されたなら呼吸10を得る <br>33-1d17：クリティカルダメージ量+4	斬撃：憂鬱	[敵味方識別不可] <br>攻撃前：呼吸8を得る<br>攻撃後：呼吸が消費されたなら味方全員が呼吸5を得る<br> 1d19+9：クリティカルダメージ量+8	なし
83	拘束：縛られた王	250	憤怒 x1 色欲 x1 怠惰 x4 憂鬱 x4	WAW	盛大な歓待	なし	敵討伐時、憂鬱資源1とランダムな大罪資源3を獲得	打撃：憂鬱	広域：対象8体<br> 戦闘開始時：敵が受ける振動爆発ダメージ量+5 <br>1d10+20：的中時、振動6を付与し[振動爆発]。振動を1消費。対象の振動を振動-炸裂へと[振幅変換]	打撃：憂鬱	広域：対象8体 [敵味方識別不可] <br>戦闘開始時：敵が受ける振動爆発ダメージ量+5 <br>1d10+20：的中時、振動6を付与し[振動爆発]を3回発動。振動5を消費。対象の振動を振動-炸裂へと[振幅変換]	なし
84	雪原：冬の日の亡霊	250	色欲 x2 憂鬱 x5 嫉妬 x1	WAW	雪道	なし	恐慌状態のキャラクターが混乱時、全耐性が一段階低下	斬撃：憂鬱	攻撃前：混乱状態のキャラクターの数だけ広域指定人数増加 <br>マッチ勝利時：対象が混乱状態なら広域指定人数+5 <br>2d13+10：的中時、メインターゲットに恐慌3を付与（戦闘中永続）	斬撃：憂鬱	[敵味方識別不可] このスキルはオーバークロックで[敵味方識別不可]が解除されない <br>攻撃前：混乱状態のキャラクターの数だけ広域指定人数増加 <br>マッチ勝利時：対象が混乱状態なら広域指定人数+5。恐慌状態の敵に与えるダメージ量+8<br> 40-3d12：的中時、恐慌3を付与（戦闘中永続）	なし
85	ロビンソン・クルーソー：遠い遠い無人島	250	暴食 x1 憂鬱 x3 傲慢 x3	WAW	あてもない航海	なし	R開始時、武装状態の味方1名に脆弱2とダメージ量増加3を付与	貫通：憂鬱	広域：対象5体 <br>戦闘開始時：全ての味方が武装10を得る<br>10d3：的中時、味方全員が次のRに武装3ごとにパワー1 を得る<br> 2d9：的中時、味方全員が次のRに武装3ごとに保護1を得る	斬撃：憂鬱	広域：対象5体 [敵味方識別不可] <br>戦闘開始時：全てのキャラクターが武装10を得る<br> 3d10：的中時、全てのキャラクターが次のRに武装3ごとに虚弱1を得る<br> 9d2：的中時、全ての味方が次のRに武装3ごとに脆弱1を得る	なし
86	クラウン：私を見て笑うピエロ	250	色欲 x2 傲慢 x8	WAW	ピエロ恐怖症	なし	マッチ対抗時、そのマッチで対象が得るバフと対象が付与するデバフが半減する	打撃：傲慢	戦闘開始時：全ての敵のバフが半減<br> 4d8：的中時、次のRに恐慌8を付与 <br>4d6：的中時、疼痛1を付与	斬撃：傲慢	[敵味方識別不可] <br>戦闘開始時：全てのキャラクターのバフが半減<br> 48-3d10：的中時、[鬱苦殺到]。疼痛1を付与	[疼痛] <br>最大1<br>デバフ<br> 被ダメージ時、沈潜÷3 だけ追加HPダメージを受ける。
87	蒼い傷跡：大きくて悪くなる狼	250	憤怒 x3 色欲 x3 傲慢 x4	WAW	狼の役割	なし	反撃スキル威力+2<br>マッチ可能反撃でマッチ勝利時、対象に脆弱2を付与	斬撃：傲慢	このスキルはスキルダメージを与えない <br>戦闘開始時：出血状態の敵がいるなら次のRにHP回復量増加10を得る<br> 4d8：的中時、このダイスを再使用（最大3回）<br> 2d14：的中時、このスキルで対象に的中したダイスの数 x 対象の出血の数/3 だけ追加ダメージを与える	斬撃：傲慢	[敵味方識別不可] <br>このスキルはスキルダメージを与えない<br> 30-1d29：的中時、HPを8回復 <br>30-1d29：的中時、HPを8回復<br> 30-1d29：的中時、HPを8回復 v30-1d25：的中時、このスキルで対象に的中したダイスの数 x 対象の出血の数/2 だけ追加ダメージを与える	なし
88	粛清：復讐のウサギ	250	憤怒 x7 嫉妬 x2	WAW	殺しへの罰	なし	対象の出血の数2ごとにダメージ量+1（最大 10）	貫通：傲慢	8d3：的中時、次のRに貫通脆弱5を付与<br> 8d3：的中時、次のRに出血15を付与	斬撃：傲慢	[敵味方識別不可]<br> 49-7d4：的中時、次のRに出血10を付与 対象の出血が15以上なら出血-裂傷へ[血蓮変換]	なし
89	盲目：夢貪る濁流	250	憤怒 x2 憂鬱 x3 傲慢 x3 嫉妬 x3	WAW	夢を貪る	なし	傲慢スキルでクリティカル成功時、呼吸消費量が 0 になる	貫通：傲慢	広域：対象5体 <br>マッチ勝利時：SANが最も高い味方4名に貫通威力増加2とダメージ量増加2を付与<br> 攻撃後：士気低下状態の全ての味方のSANを50回復 <br>2d10+10：的中時、充電6を得てランダムな味方1名に呼吸4を付与	貫通：傲慢	広域：対象7体 [敵味方識別不可] <br>31-1d10：的中時、自分のHPを最大値の 10％だけ回復<br> 31-1d10：的中時、呼吸7を得て、このRと次のRに憂鬱脆弱を3付与	なし
90	あの日の恐怖：怯え続ける一匹のこやぎ	250	色欲 x3 嫉妬 x7	WAW	ただ怯える	なし	ディレイ中に保護3を得る	斬撃：嫉妬	攻撃後：自分のデバフを全て削除<br> 9d2：自分が脆弱状態ならスキル威力+3 <br>9d2：自分が脆弱状態ならスキル威力+3 <br>9d2+4：自分が脆弱状態ならスキル威力+5	斬撃：嫉妬	[敵味方識別不可] <br>攻撃後：自分以外の味方全員のSANを30回復し、自分は混乱する<br>22-1d10：対象が脆弱状態ならスキル威力+5 <br>22-1d10：対象が脆弱状態ならスキル威力+5 <br>28-1d10：対象が脆弱状態ならスキル威力+10	なし
91	電信柱：路地の番犬	250	憤怒 x1 憂鬱 x1 嫉妬 x5	WAW	咆哮	なし	前のRの嫉妬共鳴数だけ充電を得る	貫通：嫉妬	使用時：充電を10消費し、ランダムな敵2名にこのスキルのダイスの出目だけ追加ダメージを与える<br> 11d2：的中時、嫉妬共鳴数だけ充電を得る	貫通：嫉妬	[敵味方識別不可] <br>使用時：充電を10消費し、ランダムなキャラクター5 名にこのスキルのダイスの出目だけ追加ダメージを与える<br> 33d1：的中時、嫉妬共鳴数だけ充電を得る	なし
92	他化自在天：第六天魔王	500	憤怒 x7 色欲 x2 嫉妬 x3	ALEPH	天魔	なし	攻撃的中時、対象の火傷3ごとに追加ダメージ+1（最大 5）	憤怒：斬撃	広域：対象5体 <br>使用時：メインターゲットに憤怒共鳴数2ごとに火傷1を付与<br> 40-2d15：的中時、火傷10を付与 <br>40-2d15：的中時、烙印1を付与	[影響]	3R/ 1R：全てのキャラクターに烙印1を付与<br> 2R：全てのキャラクターに火傷10を付与 <br>3R：全てのキャラクターに火傷20を付与	なし
93	ミミクリー：何もない	500	憤怒 x14	ALEPH	GoDdByE	なし	スキルで最初に使うダイスの威力補正値が2倍になる	斬撃：憤怒	マッチ開始時：対象の威力補正値を奪う<br> 32-3d10：的中時、ダメージ量だけHPを回復	斬撃：憤怒	[敵味方識別不可] <br>マッチ敗北時：このRの間受けるダメージが 0 になる<br> 50-1d32：的中時、ダメージ量だけHPを回復	なし
94	ゴールドラッシュ：貪欲の王	500	色欲 x5 怠惰 x7 暴食 x5	ALEPH	黄金の道	なし	最初のダイスでマッチ勝利時、次のRにパワー2 を得る	打撃：色欲	広域：対象5体 [広域乱射] メインターゲットの選択したスキルの数2ごとにダメージ量+3（最大 9） <br>使用時：メインターゲットの減少HP25 ごとにスキル威力+1（最大 5） <br>2d10：敵討伐時、次のRにパワー1 を得る<br> 2d10：敵討伐時、次のRにパワー1 を得る<br> 2d10：敵討伐時、次のRにパワー1 を得る <br>2d10：敵討伐時、次のRにパワー1 を得る<br> 2d10：敵討伐時、次のRにパワー1 を得る	打撃：色欲	広域：対象5体 [敵味方識別不可] <br>メインターゲットの装着したスキルの数2ごとにダメージ量+3（最大 9）<br> 使用時：メインターゲットの減少HP10 ごとにスキル威力+1（最大 10） <br>マッチ敗北時：スキル威力-15<br> 30-1d10：破壊不能ダイス。的中時、対象を混乱状態にする（強敵無効）	なし
95	笑い：笑う死体の山	500	憤怒 x7 暴食 x7	ALEPH	死体の山	なし	自分以外の味方が死亡するごとにHPを10回復し、この戦闘中にパワー・保護・クイックを1ずつ得る（最大 5）	[同化]	1：食い尽くす 貫通：憤怒<br> 5d3：的中時、HPを8回復 <br>5d3+4：的中時、HPを8回復 <br> 2：おぞましい悲鳴 打撃：嫉妬 <br>広域：対象4体 [敵味方識別不可] <br>2d14：的中時、次のRに混乱脆弱5を付与し追加SANダメージ+15 <br>3：吸収 打撃：暴食 最もHPが低いキャラクターを優先<br>味方討伐時：次のRにパワー3 を得る <br>5d4：対象が味方なら d 値+4。的中時、HPを8回復<br> 5d4：対象が味方なら d 値+4。的中時、HPを8回復<br>4：吐き気 打撃：憤怒 広域：対象5体 [敵味方識別不可] <br>2d15+5：的中時、脆弱3と虚弱 1、武装解除1を付与し追加SANダメージ+10	打撃：憤怒	広域：対象 12 体 [敵味方識別不可] <br>味方討伐時：HPを50回復 <br>敵討伐時：次のRにパワー3 を得る<br> 42-5d6：的中時、次のRに混乱脆弱5を付与<br> 42-5d6：的中時、虚弱3を付与	なし
96	爛漫：堕落したアムルダード	500	憤怒 x5 暴食 x7 憂鬱 x5	ALEPH	咲き揃う	なし	R開始時、自分以外の全てのキャラクターからHPを5吸収	貫通：怠惰	広域：対象5体 <br>戦闘開始時：自分のデバフを全て消費しその合計数だけSANを回復（最大 45） <br>4d9：破壊不能ダイス。的中時、火傷8を付与 <br>4d9：破壊不能ダイス。的中時、沈潜8を付与<br> 4d9：破壊不能ダイス。的中時、破裂8を付与<br> 2d15：破壊不能ダイス。的中時、[葬炎][沈潜殺到][破裂爆発]。破裂を7消費	貫通：怠惰	広域：対象8体 [敵味方識別不可] <br>戦闘開始時：全てのキャラクターのデバフを除去する。除去したデバフの種類数だけダメージ量増加（最大 30）<br> マッチ敗北時：スキル威力-25 <br>32-3d10：破壊不能ダイス。的中時、出血8を付与 <br>32-3d10：破壊不能ダイス。的中時、恐慌8を付与<br> 32-3d10：破壊不能ダイス。的中時、振動8を付与<br> 32-3d10：破壊不能ダイス。的中時、内臓崩壊1を付与。[鬱苦殺到][振動爆発]。振動を7消費	なし
97	静寂：沈黙の対価	500	憤怒 x5 暴食 x7	ALEPH	13 番目の鐘の音	なし	このパッシブを獲得してから 13 番目に使用するダイスに、[的中時、このダイスの出目 x13 の追加ダメージを与える（最大 300）]を追加	斬撃：暴食	戦闘開始時：混乱状態の敵に 19+1d31 のHPダメージを与える<br> 56-4d10：的中時、対象のSANを 0 にする（強敵には代わりに追加HPダメージ+104）	[影響]	3R/ 1R：速度が最も低いキャラクター1 名が行動不能<br> 2R：速度が最も低いキャラクター2 名が行動不能<br>/ 3R：速度が最も高い味方1名以外が行動不能	なし
98	ダ・カーポ：静かなオーケストラ	500	色欲 x2 怠惰 x4 暴食 x2 憂鬱 x7	ALEPH	フィナーレ	なし	戦闘中、敵を混乱状態にすると 1d50 の追加HPダメージを全ての敵に与える（重複不可）	打撃：憂鬱	広域：対象 12 体 <br>攻撃後：このRを強制終了<br> 3d5：的中時、追加SANダメージ+10 <br>4d5：的中時、次のRの間、対象の速度を2に固定<br> 4d5：的中時、次のRに虚弱1と武装解除1を付与	打撃：憂鬱	広域：対象 12 体 [敵味方識別不可] <br>戦闘開始時：全てのキャラクターが[敵味方識別不可]になり脆弱8を得る<br> 40-2d19：的中時、次のRに混乱脆弱8を付与	なし
99	結び目：縛る女王	500	暴食 x2 傲慢 x7 嫉妬 x3	ALEPH	束縛	なし	最大共鳴数が4以上なら、該当する大罪のスキルを使用している味方にパワー2 と沈潜5を付与	貫通：傲慢	攻撃前：全てのキャラクターに[沈潜殺到] <br>34-1d22：的中時、沈潜10を付与 <br>34-1d22：的中時、次のRに恐慌10を付与。対象の恐慌が15以上なら恐慌-落胆へ[鬱怏変換]	[同化]	1：締め付けた歓喜 斬撃：傲慢 <br>対象の沈潜6ごとにスキル威力+1（最大 3）<br> マッチ勝利時：次のRに恐慌3を付与<br> 3d8：的中時、沈潜2を付与 <br>3d8：的中時、沈潜2を付与 <br> 2：女王の命 貫通：色欲 対象の沈潜6ごとにスキル d 値+1（最大 2）<br> 4d6：的中時、対象の沈潜の数だけ振動付与。[振動爆発] <br> 3：縛る女王の包帯 打撃：色欲 <br>2d12：的中時、沈潜5を付与<br> 2d12：的中時、沈潜5を付与<br> 2d12：的中時、次のRに恐慌5を付与<br>4：沈むがよい 打撃：暴食<br> 35-1d25：的中時、[沈潜殺到]。対象の恐慌を恐慌-落胆へ[鬱怏変換]	なし
100	一握りの豆：ジャックのいない豆の木	500	暴食 x10 傲慢 x5	ALEPH	賜物	なし	全てのキャラクターがHPとSANを回復できなくなる	[影響]	3R/ 1R：自分以外の全てのキャラクターに破裂10を付与 <br> 2R：自分以外の全てのキャラクターに破裂10を付与<br>3R：自分以外の全てのキャラクターに[破裂爆発]を2回発動	[影響]	2R/ 1R：全てのキャラクターに破裂10付与 / 2R：全てのキャラクターに[破裂爆発]を5回発動	なし