番号	名称	HP	SAN	速度	斬撃	貫通	打撃	弾丸	パッシブ名	発動条件	効果	戦術0名称	戦術0効果	戦術1名称	戦術1効果	戦術2名称	戦術2効果	戦術3名称	戦術3効果	戦術4名称	戦術4効果	強化スキル	固有
1	黒雲会組員の人格	105	48	1d5	抵抗	普通	弱点	なし	抉り出し	色欲 x2 共鳴	マッチ勝利時、対象が出血状態なら、スキルの最後のダイス威力+1	切り払う	斬撃反撃：憤怒 <br>2d6 ：的中時、出血2を付与 	鋭い刃先	斬撃：暴食 <br>使用時：次に自分が戦術スキルを使用したとき、この戦術のダイスをスキルの最後に追加する <br>2d7 	後始末	貫通：傲慢 <br>3d5 ：的中時、次のRに出血2を付与 <br>2d7 	飛び散る剣撃	斬撃：憂鬱 <br>使用時：対象の出血5ごとに保護1を得る（最大3） <br>2d11+2：的中時、脆弱1を付与 	快刀乱麻	斬撃：色欲 <br>対象の出血4ごとにダメージ量+1（最大5） <br>マッチ敗北時：スキル威力-10 <br>16-1d10 ：破壊不能ダイス。的中時、次のRに出血3を付与	なし	なし
2	黒雲会若衆の人格	121	50	2d3	抵抗	弱点	普通	なし	鋭利な一撃	色欲 x2 保有	マッチ勝利時、出血 1 を付与	防御	防御：色欲<br>戦闘開始時：保護1を得る <br>8d2 	発勁	貫通：憤怒<br>対象の出血が7以上ならダメージ量+3 <br>2d8	雲の切開	斬撃：傲慢 <br>攻撃前：対象の出血が10未満なら、この戦術の全ダイスをスキルの最後に追加する <br>2d7 ：的中時、次のRに出血1を付与 <br>2d5 ：的中時、次のRに出血1を付与 	静かな霧	斬撃：色欲<br>使用時：次のRに出血保護3を得る<br>2d10 <br>3d5 ：的中時、次のRに出血1を付与 	雲の破裂	斬撃：憤怒<br>戦闘開始時：保護1を得る<br>マッチ勝利時：次のRに保護1を得る<br>5d2+2 ：的中時、次のRに麻痺1を付与 <br>5d2+2 ：的中時、次のRに出血2を付与 	なし	なし
3	剣契殺手 A の人格	114	48	1d7	抵抗	弱点	普通	なし	共に吸う息	傲慢 x2 共鳴	自分がスキルで呼吸を得るとき、呼吸が最も少ない味方 1 名に呼吸 2 を付与	反撃-初生	斬撃反撃：憤怒<br> 2d7 ：的中時、呼吸4を得る<br> 2d4	抜剣	斬撃：傲慢<br> 使用時：呼吸2を得る<br> 2d7<br> 2d8 ：的中時、呼吸3を得る	剣軌	斬撃：嫉妬 <br>自分の呼吸が7以上ならスキル威力+1 <br>使用時：呼吸2を得る<br> 2d8 ：クリティカルダメージ量+3 <br>2d8 ：クリティカルダメージ量+3	連斬	斬撃：憤怒<br> マッチ勝利時：このRでクリティカル成功時、呼吸を消費しない <br>マッチ敗北時：次のRにパワー2を得る <br>2d7 ：的中時、呼吸2を得る<br> 2d7 ：的中時、呼吸1を得る <br>2d9 ：的中時、呼吸1を得る	骨断	斬撃：傲慢<br> 自分の呼吸が10以上ならクリティカルダメージ量+5<br> 2d13	なし	なし
4	剣契殺手 B の人格	125	50	1d6	抵抗	普通	弱点	なし	殺手	傲慢 x4 保有	マッチ勝利時、呼吸 2 を得る	殺主	斬撃反撃：傲慢<br>1d15 ：クリティカルダメージ量+7	撃勢	斬撃：傲慢 <br>マッチ勝利時：呼吸6を得る<br> 2d9 ：クリティカルダメージ量+5	処断	斬撃：憤怒<br> 自分の呼吸が7以上ならスキル威力+2 <br>使用時：呼吸2を得る<br> 4d3 ：的中時、呼吸2を得る。クリティカルダメージ量+3<br> 5d2+1 ：的中時、呼吸2を得る	切動	斬撃：怠惰 <br>自分の呼吸が7以上ならスキル威力+2 <br>戦闘開始時：両隣の味方に呼吸2を付与<br> 6d2<br> 6d2 ：クリティカルダメージ量+4	異面賛刺	斬撃：嫉妬<br> 呼吸5ごとにスキル威力+1（最大2）<br> 6d2 ：クリティカルダメージ量+1<br> 6d2 ：クリティカルダメージ量+1<br>7d2 ：クリティカルダメージ量+4	なし	なし
5	南部親指ソルダート II の人格	121	58	1d8	弱点	普通	抵抗	15	階級と尊重	傲慢 x3 保有	銃撃ダイスではない攻撃ダイスを 3 回的中させるごとに、保有弾丸数を 1 回復	鉄の防御	防御：傲慢<br> 2d10	銃剣術	斬撃：暴食<br> このスキルは捨てても選択欄から除去されない<br> 使用時：1d3を振りランダムな弾丸へと[弾倉変換]（徹甲弾、氷結 弾、火炎弾）<br> 2d7 ：的中時、次のRに出血2を付与<br> 2d6 <br>2d4 <br>2d4	牽制射撃	打撃：憂鬱 <br>このスキルが捨てられたならマッチ中に対象の受ける出血ダメージ 量+2 <br>使用時：ランダムなスキルを1つ捨てる。捨てたスキルが戦術1な らばマッチ威力+1<br> 3d7 ：銃撃。的中時、弾丸を1消費し次のRに出血3を付与 <br>2d9 ：銃撃。的中時、弾丸を1消費	衝撃弾	打撃：傲慢 <br>このスキルが捨てられたなら保有弾丸数を2回復<br> 使用時：ランダムなスキルを1つ捨てる。捨てたスキルが戦術1ならばスキル威力+1<br> 5d3 ：銃撃。的中時、弾丸を1消費し固定SANダメージを6 <br>3d5 ：銃撃。的中時、弾丸を1消費し次のRに脆弱2を付与	火力集中	斬撃：嫉妬<br> このスキルが捨てられたなら弾丸消費量が1増加し弾丸効果が2倍 になる <br>使用時：ランダムなスキルを2つ捨てる <br>4d5 ：銃撃。的中時、弾丸を1消費し次のRに脆弱1を付与<br> 3d7 ：銃撃。的中時、弾丸を1消費	なし	[弾丸-徹甲弾] <br>銃撃ダイスでマッチする時、対象のマッチ威力-1<br> 消費することで特定戦術の能力が向上<br> [弾丸-氷結弾]<br> 銃撃ダイスで攻撃的中時、次のRに武装解除1を付与<br> 銃撃ダイスでマッチ勝利時、次のRに麻痺1を付与<br> 消費することで特定戦術の能力が向上<br> [弾丸-火炎弾]<br> 銃撃ダイスで攻撃的中時、火傷2を付与<br> 消費することで特定戦術の能力が向上
6	東部親指ソルダート II の人格	125	50	3d2	弱点	抵抗	普通	15	規律執行	怠惰 x4 保有	常時発動 舞台開始時、自分の弾丸を灼熱推進弾へと[弾倉変換] 効果 前の R に敵を混乱させたなら、的中時、振動 2 を付与	鉄の防御	防御：傲慢<br> 2d10	銃剣術【爆】	斬撃：色欲<br> 使用時：対象の振動と火傷の合計が15以上ならこのスキルの最後のダイスを破壊不能ダイスに変更<br> 2d4<br> 2d6<br> 2d8 ：的中時、[振動爆発]。振動を3消費	親指へ尊重を。	貫通：怠惰 <br>使用時：対象の火傷と振動の合計7ごとにスキル威力+1（最大2）<br> 3d4：的中時、振動2を付与 <br>4d4：的中時、振動2を付与	灼熱突き	貫通：憤怒 <br>使用時：対象の火傷と振動の合計7ごとにスキル威力+1（最大2） 5d3 ：的中時、火傷3を付与<br> 2d10 ：的中時、火傷3を付与	推力集中	斬撃：憤怒<br> 使用時：対象の火傷と振動の合計7ごとにスキル威力+1（最大2）<br>8d2 ：的中時、弾丸を1消費し振動3と火傷3を付与<br>8d2 ：的中時、弾丸を1消費し[振動爆発]。対象の振動を1消費 対象の振動を振動-灼熱へと[振幅変換]	なし	[弾丸-灼熱推進弾] 弾丸を消費するダイスのダメージ量+2。自分の速度が6以上なら追加でダメージ量+3 消費することで特定戦術の能力が向上
7	人差し指遂行者：【紙片】の人格	120	55	2d3+1	抵抗	普通	弱点	なし	指令[紙片]	怠惰x1 傲慢x1 憂鬱x1 保有	常時発動<br>R開始時、ランダムな敵1名に指令対象を付与。<br>指令の印スキルが存在しないなら、戦術スキル0~4からラ ンダムに1つを指令の印スキルに指定する。<br>以下の行動1回につき、指令の加護1を得て（1Rに最大3）、SANを3回復（最大9）する。<br>・指令の印スキルの使用時<br>・指令の印スキルで攻撃後<br>・指令対象に攻撃後<br>これらを1つも達成できなかった場合、R終了時にカルマ1を得る。<br>混乱・行動不能・E.G.O侵蝕状態・指令の加護が9ならカルマを得ない。<br>効果<br>攻撃的中時、指令の加護の数3ごとに沈潜1を付与	信心	斬撃反撃：憂鬱<br>指令の加護3につきダメージ量+1<br>戦闘開始時：バリア20を得る。カルマの数だけ得るバリアの数-2 <br>2d7<br>2d7 ：的中時、沈潜1を付与 <br>2d9 ：的中時、沈潜2を付与 	遂行者の剣 	斬撃：怠惰<br>このスキルが指令の印スキルなら、マッチ威力+3、ダメージ量+2 <br>使用時：呼吸2を得る<br>マッチ開始時：マッチ威力-2<br>7d2 ：的中時、呼吸2を得る<br>2d9 ：的中時、沈潜1を付与。クリティカル的中時、沈潜2を付与	処刑	斬撃：嫉妬 <br>このスキルが指令の印スキルなら、スキル威力+1、最初のダイスのダメージ量+4<br>使用時：呼吸3を得る<br>敵討伐時：呼吸8を得る <br>5d2+3 ：クリティカルダメージ量+4 <br>2d7+1 ：的中時、対象の沈潜を1回発動 	指令遂行 	斬撃：傲慢<br>このスキルが指令の印スキルなら、スキル威力+2<br>使用時：呼吸4を得る<br>4d3 ：的中時、呼吸1を得る<br>4d3 ：的中時、沈潜1を付与<br>2d8 ：的中時、沈潜1を付与。クリティカル的中時、沈潜2を付与 	指令の向かう処 	斬撃：憂鬱<br>このスキルが指令の印スキルなら、スキル威力+4<br>戦闘開始時：指令の加護が6以上なら、このスキルの全ダイスを破壊不能ダイスに変更<br>使用時：呼吸1を得る。指令の加護の数だけ追加で呼吸を得る<br>2d5 ：的中時、呼吸2を得る<br>2d5 ：的中時、沈潜1を付与<br>2d7 ：指令の加護の数だけダメージ量増加。的中時、沈潜２を付与。クリティカル的中時、沈潜2を付与 	なし	[指令対象] 最大1 中立バフ<br>人差し指所属人格の数に関係なく、毎R敵1名にのみ付与される。<br>R終了時、除去<br>[指令の加護] 最大9 バフ<br>数値/3だけダメージ量増加、数値が9ならマッチ威力+1<br>[カルマ] 最大20 デバフ<br>数値/2だけ被ダメージ量増加（最大10） 
8	中指末弟・末妹の人格	120	50	1d7	弱点	普通	抵抗	なし	中指は忘れない	嫉妬 x4 保有	常時発動 前の R に味方へスキルで最も多くダメージを与えた対象に、仕返し対象 1 を付与 効果 対象が仕返し対象状態ならスキル威力+1。<br>自分が 3 回以上対象から攻撃を受けたなら次の R に嫉妬ダメージ量増加 3 を得る	お返し	打撃反撃：嫉妬<br> 5d2 ：的中時、麻痺2を付与 <br>2d8	みぞおちを殴る	打撃：憤怒 <br>2d8 ：的中時、麻痺1を付与	頭を打つ	打撃：暴食 <br>使用時：対象が仕返し対象なら脆弱1を付与<br> 2d9 <br>2d6 ：的中時、虚弱1を付与	義理の鎖	打撃：嫉妬<br> 戦闘開始時：両隣の味方に嫉妬威力増加1を付与<br> 5d2 ：的中時、次のRに出血1を付与<br> 5d2 ：的中時、次のRに出血1を付与	苦痛を刻む	打撃：嫉妬<br>嫉妬共鳴数が3以上ならスキル威力+1。4以上ならさらに+1<br>4d3<br>5d2 ：的中時、仕返し対象なら次のRに嫉妬脆弱3を付与<br>5d2 ：的中時、仕返し対象なら次のRに虚弱2を付与	なし	[仕返し対象] 最大1 中立バフ 中指の特定能力が上昇。R終了時に消滅
9	薬指点描派 スチューデントの人格	108	54	1d8	弱点	抵抗	普通	なし	血点描画	色欲 x2 共鳴	出血状態の対象へ攻撃的中時、SAN を 2 回復	回避	回避：色欲<br> 8d2	スケッチ	貫通：色欲<br> 2d5 ：的中時、次のRに出血1を付与<br> 2d4 ：的中時、次のRに出血1を付与<br> 2d4 ：的中時、次のRに出血2を付与	上塗り	貫通：憂鬱 <br>使用時：対象の出血が5以上ならスキル威力+1<br> 4d<br> 4d2<br> 4d2 ：的中時、対象の出血の数だけ固定ダメージを与える（最大30）	血描画	貫通：憤怒<br> 2d9 ：的中時、出血1を付与。対象に出血があるなら脆弱2を付与<br> 2d9 ：マッチ勝利的中時、このダイスを再使用（最大1回） 的中時、次のRに出血1を付与	血雫花	貫通：暴食<br>マッチ勝利時：対象に出血があるならSANを10回復 対象のデバフの種類だけダメージ量+1（最大5）<br>2d7 ：的中時、次のRに出血1を付与<br>2d7 ：的中時、次のRに出血1を付与<br>3d5 ：的中時、対象の出血が8以上なら出血-裂傷へと[血蓮変換]	なし	なし
10	カジノ警備員の人格	115	55	2d2+1	弱点	普通	抵抗	なし	牽制	憤怒 x4 保有	お互いの速度が同じならマッチ威力+2	耐える	防御：憤怒<br> 6d2 ：守備時、振動2を付与<br> 5d2 ：守備時、振動2を付与	動くな！	打撃：怠惰<br> 2d8 ：的中時、対象の振動が10以上なら[振動爆発]。振動を3消費 [振動爆発]が発動したなら次のRに束縛2を付与	侵入者発見	打撃：嫉妬 <br>対象の振動6ごとにスキル威力+1（最大2）<br> 2d7<br> 3d4 ：的中時、対象の振動5ごとにダメージ量+1（最大5） <br>3d4 ：的中時、振動2を付与	捕捉	貫通：傲慢<br> マッチ勝利時：振動付与量+1 <br>3d5 ：的中時、振動3を付与 <br>3d5 ：的中時、振動1を付与	おとなしくしてろ	打撃：憤怒<br>5d2 ：的中時、[振動爆発]。振動を3消費<br>5d2 ：的中時、[振動爆発]。振動を3消費	なし	なし
11	ぽんぽん派 構成員の人格	110	50	1d6	抵抗	普通	弱点	なし	愉悦	暴食 x2 共鳴	暴食共鳴数 x2 だけ SAN を回復	失せろ！	斬撃反撃：嫉妬<br> 2d7 ：的中時、次のRに出血2を付与	首切り	斬撃：嫉妬<br> 2d9 ：的中時、出血1を付与。最大値的中時、次のRに出血4を付 与	きらめく願望	貫通：暴食<br> 使用時：次のRにパワー2を得る <br>2d7<br> 2d7	抉る	斬撃：色欲 <br>攻撃後：対象のHPが50％未満ならこのスキルをもう1度使用する <br>3d<br>5 3d4 ：的中時、固定ダメージ3を与える	滅多斬り	斬撃：暴食<br>敵討伐時：このスキルをランダムな敵に再使用（最大1回）<br>2d7 ：的中時、固定ダメージ2を与える<br>2d7 ：的中時、固定ダメージ3を与える<br>2d9 ：的中時、固定ダメージ4を与える	なし	なし
12	マリアッチ構成員の人格	100	55	2d3	抵抗	弱点	普通	なし	パーティータイム！	憂鬱 x4 共鳴	戦闘開始時、全ての味方の SAN を 1～5 回復。<br>自分の SAN が 30 以上なら呼吸 5 を得る	エクセレンテ！	回避：憂鬱 <br>8d2 ：回避成功時、SANを5回復	情熱の踊り	斬撃：嫉妬<br> マッチ開始時：対象の沈潜が6以上ならマッチ威力+2 <br>2d5 ：的中時、沈潜2を付与<br> 2d4 ：的中時、沈潜2を付与 <br>2d3	ダンス対決	貫通：怠惰<br>使用時：呼吸4を得る<br> 3d5 ：的中時、沈潜1を付与<br> 3d5 ：的中時、沈潜1を付与 3d5	興が乗った刺突	貫通：憤怒<br> 使用時：呼吸が10以上かつ自分にデバフがあるなら、ランダムにデバフを1つ除去し呼吸を5消費<br> 2d9 ：的中時、沈潜2を付与 <br>2d7 ：的中時、沈潜2を付与<br> 2d7 ：クリティカルダメージ量+3	パニャータパーティ～！	斬撃：憂鬱<br>マッチ開始時：対象の沈潜3ごとにスキル威力+1（最大3）<br>2d7<br>2d9<br>2d9<br>1d8 ：クリティカル的中時、与えたダメージ量だけSANを回復	なし	なし
13	鉄工会組織員の人格	130	47	1d7	普通	弱点	抵抗	なし	殺伐とした歓迎挨拶	色欲 x3 共鳴	マッチ進行時、対象が出血状態なら、その対象が恐慌で受けるダメージ量+3	目ン玉どけろや？	打撃反撃：憂鬱<br> 8d2 ：的中時、次のRに恐慌2を付与	降り注ぐ悪口	斬撃：憂鬱<br> 使用時：ランダムな味方1名のSANを2回復<br> 2d7<br> 2d7 ：的中時、固定SANダメージ5を与える	どたまを割っぞ	斬撃：色欲 <br>対象が恐慌状態ならスキル威力+2 <br>2d10 ：的中時、次のRに出血3を付与	ブッちぎっちゃる	打撃：嫉妬 <br>5d3：的中時、次のRに恐慌2を付与<br> 5d3 ：的中時、次のRに恐慌2を付与	やめぃ！	打撃：怠惰<br>マッチ勝利時：対象の恐慌が10以上なら精神崩壊1を付与<br>3d8 ：的中時、次のRに麻痺2を付与	なし	なし
14	双鉤海賊団 組員の人格	115	50	1d7	抵抗	弱点	普通	なし	余裕な呼吸	色欲 x3 共鳴	クリティカルダメージ量+1。<br>マッチ勝利時、呼吸 5 を得る	そこチクッとしないか？	回避：傲慢 <br>2d8 ：回避成功時、対象が出血状態ならSANを4回復	鉤裂き	斬撃：色欲<br> 使用時：呼吸3を得る<br> 2d8 ：的中時、次のRに出血2を付与	虜獲	貫通：憤怒 <br>使用時：呼吸3を得る<br> 6d2 ：クリティカルダメージ量+2<br> 2d3 ：クリティカルダメージ量+2 <br>2d2 ：クリティカルダメージ量+2	隙を払う	斬撃：傲慢<br> マッチ勝利時：対象の呼吸を吸収（最大10）<br> 3d5 <br>3d6 ：クリティカル的中時、次のRに出血3を付与	戦場の喊声	斬撃：色欲<br>戦闘開始時：自分の速度と異なる速度の味方全員から呼吸を吸収 （1名ごとに最大3）<br>2d10 ：クリティカル的中時、次のRに出血3を付与<br>2d8 ：的中時、出血3を付与。クリティカルダメージ量+1	なし	なし
15	ピークォド号航海士の人格	117	57	1d7	普通	抵抗	弱点	なし	注入された憎悪と憎しみ	傲慢 x3 共鳴	R 終了時、HP が 50％未満なら次の R にパワー1 を得る	防御	防御：怠惰<br> 2d9 ：守備時、次のRにダメージ量増加1を得る	刺す	貫通：傲慢<br> 2d9 ：マッチ勝利的中時、次のRに出血4を付与	傷口穿ち	貫通：嫉妬 <br>マッチ勝利時：呼吸7を得る<br> 3d5 ：的中時、次のRに出血2を付与<br> 3d5 ：的中時、次のRに出血2を付与 <br>3d5	闘志の銛	貫通：色欲 <br>使用時：獲物の印が対象にあるならマッチ威力+2<br> クリティカル成功時：SANを10回復<br> 5d2+3 ：的中時、次のRに出血1を付与し、呼吸1を得る<br> 5d2+3 ：的中時、次のRに出血1を付与し、呼吸1を得る<br> 5d2+3 ：的中時、次のRに出血1を付与し、呼吸1を得る	投擲	貫通：傲慢<br>使用時：呼吸6を得る<br>攻撃後：このスキルを捨てる<br>9d2+4 ：的中時、次のRに束縛2と脆弱2を付与 クリティカルダメージ量+4	なし	なし
16	デッドラビッツ 構成員の人格	125	50	1d3+2	抵抗	弱点	普通	なし	時間稼ぎ	暴食 x2 共鳴	対象が破裂状態ならマッチ威力+1	反撃	打撃反撃：暴食<br> 2d8<br> 2d5 ：的中時、[破裂爆発]。破裂を2消費	バットで殴る	打撃：色欲<br> 2d8 ：的中時、破裂2を付与	打ち落とす	貫通：憤怒<br> マッチ勝利時：破裂3を付与 <br>3d3+2<br> 4d3+2 ：的中時、破裂1を付与<br>2d2+3 ：的中時、[破裂爆発]。破裂を5消費	腹いせ	打撃：嫉妬<br> 2d8 ：的中時、破裂2を付与<br> 6d2 ：的中時、対象の破裂が10以上なら[破裂爆発]。破裂を3消費	打っ付ける	打撃：暴食<br>マッチ開始時：対象の破裂4ごとにスキルd値+1（最大2）<br>2d6<br>2d6<br>2d7<br>2d8 ：的中時、破裂4とダメージ量減少2を付与	なし	なし
17	20区ユロージヴィ団員の人格	100	46	1d6	抵抗	弱点	普通	なし	皆の成果	怠惰 x3 共鳴	自分以外の味方が[振動爆発]した時、戦術スキル 1 で追撃（1R に 1 回）	防御	防御：怠惰 <br>戦闘開始時：自分の振動の2倍だけバリアを得る（最大20）<br> 5d2	邪魔するな	打撃：怠惰<br> [結束]<br> 使用時：振動2を得る<br> 2d4 ：的中時、対象の振動の数だけ振動を得る	ネジの抜けた奴らめ	貫通：憤怒<br> [結束] <br>結束スキルを使用する自分以外の味方に「的中時、[振動爆発]。振動を5消費」を最後のダイスに付与（重複不可）<br> 4d2 ：的中時、振動1を付与<br> 4d2 ：的中時、振動1を付与<br> 4d2 ：的中時、振動1を付与 <br>4d2 ：的中時、振動1を付与	圧着ぜんまいスパナ	打撃：憂鬱<br> 自分の振動5ごとにマッチ威力+1（最大2）<br> 5d3 ：的中時、自分の振動の数だけ対象に振動を付与<br> 5d3 ：的中時、[振動爆発]。振動を5消費	卑劣な時計鎖たちめ！	打撃：傲慢<br>[結束]<br>結束スキルを使用する自分以外の味方全員に振動3を付与 （重複不可）<br>3d4<br>3d4<br>3d4<br>3d5 ：的中時、自分の振動を10消費して振動-反響へ[振幅絡縺]	なし	[結束] 結束スキルを使用する時、他の味方が付与する結束効果を得る
18	笑う顔たちの人格	122	48	1d7	普通	普通	普通	なし	煙払い	暴食 x3 共鳴	煙状態の対象に与えるダメージ量+3	隠し刃	マッチ可能斬撃反撃：暴食<br> 使用時：煙を2消費しスキル威力+3<br> 2d9 ：的中時、次のRに出血3を付与	煙管	防御：怠惰 <br>使用時：煙5を得る<br> 2d10<br> 2d6	肉卸し	斬撃：憤怒<br> 使用時：煙を2消費しスキル威力+1<br> 3d6：的中時、次のRに出血1を付与 <br>2d5：的中時、対象の煙2ごとに次のRに出血1を付与	煙の軌跡	打撃：色欲 <br>使用時：煙3を得る<br> 2d9 ：的中時、煙2を付与<br> 2d9 ：的中時、煙1を付与 <br>2d5	深い息遣い	打撃：暴食<br>マッチ開始時：自分の煙の数だけ対象に煙を付与 <br>2d12 ：的中時、対象の煙が9以上なら虚弱2を付与	なし	なし
19	南部ツヴァイ協会 6課フィクサーの人格	124	48	2d3	弱点	普通	抵抗	なし	あなたの盾	憂鬱 x2 共鳴	両隣の味方に保護 1 と忍耐 2 を付与	ガード	防御：憂鬱<br> 使用時：あなたの盾3を得る<br> 8d2	治安維持	打撃：憂鬱<br> マッチ敗北時：保護2を得る <br>6d2	逆襲	打撃反撃：暴食<br> 2d7：的中時、振動2を付与<br> 2d10 ：的中時、振動4を付与	制圧	打撃：憤怒<br> 戦闘開始時：ランダムな味方2名にあなたの盾2を付与<br> マッチ敗北時：振動2を付与<br> 3d5 ：的中時、ダメージ量減少1を付与<br> 2d8 ：的中時、振動3を付与	脳震盪	打撃：怠惰<br>使用時：次のRに挑発値10を得る<br>7d3 ：的中時、[振動爆発]。振動を2消費	なし	なし
20	南部ツヴァイ協会 5課フィクサーの人格	112	54	2d3	弱点	普通	抵抗	なし	指定保護	憂鬱 x5 保有	R 開始時、前方の味方 1 名に保護 2 を付与	ガード	防御：憂鬱 <br>使用時：あなたの盾3を得る<br> 8d2	叩き割る	打撃：怠惰<br> マッチ敗北時：振動2を付与 <br>2d8 ：的中時、振動3を付与	牽制	打撃：色欲 <br>戦闘開始時：両隣の味方2名にあなたの盾2を付与<br> マッチ敗北時：保護1を得る<br> 5d2<br> 5d2 ：的中時、[振動爆発]。振動を2消費	集中防御	打撃：憂鬱 <br>使用時：次のRに挑発値6を得る<br> 3d5 ：的中時、振動1を付与<br> 3d5 ：的中時、振動1を付与。対象の振動3ごとに次のRにあなた の盾1を得る（最大3）	脅威対象制圧	打撃：憤怒<br>自分のあなたの盾が5以上ならスキル威力+2<br>3d4<br>3d4<br>4d4 ：的中時、[振動爆発]	なし	なし
21	南部ツヴァイ協会 4課フィクサーの人格	130	45	3d2+1	普通	弱点	抵抗	なし	保護要請受信	怠惰 x5 保有	戦闘開始時、保護 1 を得る。自分の HP が 50％以下なら追加で保護 1 を得る	ガード	防御：憂鬱<br> 使用時：あなたの盾3を得る <br>8d2	立ち向かう	斬撃：怠惰<br> 使用時：あなたの盾2を得る<br>マッチ敗北時：自分のあなたの盾の数x2だけバリアを得る <br>2d7<br> 2d7	顧客保護	斬撃：嫉妬 <br>使用時：最も現在HPが低い味方1名にあなたの盾2を付与<br> 2d8 ：的中時、振動1を付与<br> 2d8 ：的中時、振動1を付与<br> 2d10 ：的中時、[振動爆発]。振動を4消費	柔軟な制圧	斬撃：暴食 <br>自分のあなたの盾が6以上ならマッチ威力+1 <br>使用時：次のRに挑発値5を得る <br>2d6 ：的中時、次のRにあなたの盾1を得る<br> 2d6 ：的中時、次のRにあなたの盾1を得る<br> 3d4<br> 3d5 ：自分のあなたの盾が6以上ならダメージ量+3	守護者	斬撃：憂鬱<br>使用時：後方の味方3名に忍耐2とあなたの盾3を付与<br>3d4+2<br>3d4+2<br>3d4+2 ：的中時、振動3を付与	なし	なし
22	西部ツヴァイ協会 3課フィクサーの人格	122	53	3d2	普通	弱点	抵抗	なし	保護任務開始	怠惰 x5 保有	戦闘開始時、自分の振動 4 ごとに保護 1 を得る（最大 3）	貴方の盾	マッチ可能防御：怠惰 <br>戦闘開始時：次のRに防御態勢2を得る <br>使用時：振動3を得る <br>2d9	ツヴァイ騎士団大剣術	打撃：傲慢 <br>使用時：次のRに挑発値3を得る <br>マッチ勝利時：振動3を得る <br>2d9 <br>2d9 ：的中時、次のRに武装2を得る	戦闘準備	斬撃：憂鬱 <br>戦闘開始時：両隣の味方に武装2を付与 マッチ勝利時：振動3を得る<br> 3d5 ：マッチ勝利的中時、自分を除くランダムな味方2名に次のR に忍耐2を付与<br> 2d8	制圧	打撃：嫉妬<br> 使用時：次のRに挑発値5を得る。<br>[武装解放] <br>マッチ勝利時：振動3を得る<br> 2d8 ：的中時、振動4を付与 <br>2d8<br> 5d3 ：的中時、自分の振動6以上なら次のRに虚弱1を付与	守護	打撃：暴食<br>使用時：自分の振動と武装の合計4ごとにダメージ量+1（最大 3）。自分が防御態勢状態ならさらにダメージ量+2<br>マッチ勝利時：振動3、武装2を得る<br>3d5 ：的中時、振動2を付与 <br>2d9 ：的中時、振動2を付与<br>8d2 ：的中時、自分が防御態勢状態なら[振動爆発]を2回発動し、 振動を5消費	なし	[防御態勢]最大2 バフ R終了時に1減少 この効果を得ると下記の効果が適用 ・自分の現在の速度の値x3だけ挑発値を得る ・R開始時武装3を得る ・速度が最低値に固定 ・ダイスのダメージによって混乱状態にならない
23	南部シ協会 6課フィクサーの人格	120	45	4d2	普通	普通	普通	なし	絆	色欲 x2 保有	R 開始時、死亡している味方の数だけパワーと忍耐を得る（最大 2）	シの道理	斬撃反撃：色欲 <br>使用時：自分のHPが50％以下なら、スキル威力+2<br> 5d3	極剣	斬撃：傲慢<br> 使用時：自分のHPが50％以下なら、スキル威力+2<br> 2d8	懸命の死闘	貫通：色欲<br>使用時：自分のHPが50％以下なら、スキル威力+2<br> 2d7 ：的中時、次のRにクイック2を得る<br> 2d9	飛剣	貫通：憤怒 <br>使用時：自分の速度が6以上なら、スキル威力+2<br> 2d7 <br>2d6<br> 2d5	閃撃	斬撃：嫉妬<br>使用時：自分のHPを10％減少し対象に与えるダメージ量+3<br>4d4<br>4d4	なし	なし
24	南部シ協会 5課フィクサーの人格	120	50	1d7	抵抗	普通	弱点	なし	心構え/疲労	憤怒 x2 共鳴	常時発動 シナリオ開始時、自分の最大 HP の 25％のダメージを受ける 効果 憤怒共鳴数だけ次の R にクイックを得る	息を整える	回避：色欲 <br>使用時：自分のHPが50％以下なら、スキル威力+2<br> 7d2	危機克服	斬撃：嫉妬 <br>使用時：自分のHPが50％以下なら、スキル威力+2 <br>2d5<br> 2d6 ：的中時、固定ダメージ5を与える	終わりなき戦い	斬撃：憂鬱 <br>使用時：自分のHPが25％以下なら、スキル威力+3 <br>2d7 <br>2d7<br> 2d5 ：的中時、次のRにクイック3を得る	双撃	貫通：憤怒<br>使用時：自分のHPが50％以下なら、このスキルでバフを2倍得る <br>2d9 ：的中時、呼吸3を得る<br> 2d9 ：的中時、次のRにクイック1を得る	過呼吸	斬撃：色欲<br>現在の速度が9以上ならスキル威力+10<br>18-1d15	なし	なし
25	南部センク協会 5課フィクサーの人格	120	54	2d3	普通	抵抗	弱点	なし	エスクリム	傲慢 x2 共鳴	自分が付与した決闘宣布-○○を保有する敵に攻撃的中時、次の R にクイックを 1 得る（1R に 1 回）	デフォンシヴ	回避：傲慢<br> 8d2：回避成功時、次のRにクイックを1得る（最大2）	ルミーズ	貫通：暴食<br> 自分の速度が7以上ならマッチ威力+1<br> 使用時：呼吸2を得る <br>2d7 ：的中時、次のRにクイックを1得る<br> 2d7 ：的中時、次のRにクイックを1得る	マルシュ	貫通：色欲 <br>自分の速度が7以上ならマッチ威力+1 <br>4d4 ：的中時、呼吸3を得る <br>3d6 ：的中時、次のRに束縛2を付与	フレッシュ	貫通：憂鬱 <br>使用時：呼吸4を得る<br> 2d10 ：自分の速度が7以上ならクリティカルダメージ量+8	サリュー	貫通：傲慢<br>使用時：対象より速度が高いなら、対象との速度差1ごとにスキル d数+1（最大2）<br>1d9<br>1d10 ：的中時、対象に決闘宣布-○○1を付与	なし	[決闘宣布-○○] 最大1 中立バフ<br>決闘宣布-○○を付与したキャラクターが付与されたキャラクターとマッ チ進行時にマッチ威力+1、マッチ回数2ごとにマッチ威力+1（最大3）<br> 付与したキャラクターが他の対象にこの効果を付与すれば消滅<br>他のキャ ラクターの決闘宣布-○○が付与される時は置き換わる
26	西部センク協会 3課フィクサーの人格	122	53	2d3	普通	抵抗	弱点	なし	クードロア	傲慢 x4 保有	R 終了時、自分の呼吸 3 ごとに次の R にクイック 1 を得る（最大 2）。<br>通常スキルで攻撃的中時、集中攻撃-○○1 を付与（1R に 1 回）	デフォンシヴ	回避：憂鬱<br> 8d2	アレ	貫通：傲慢<br> 使用時：呼吸2を得る <br>マッチ勝利時：呼吸5を得る <br>2d9	フォント	貫通：嫉妬<br> 自分の呼吸が7以上ならスキル威力+1 <br>マッチ勝利時：呼吸2を得る <br>5d3 ：的中時、破裂4を付与。クリティカルダメージ量+4	ボンナバン	貫通：憤怒 <br>マッチ勝利時：マッチ回数2ごとにダメージ量+1（最大5）。次のR にクイック2を得る <br>2d7 ：的中時、破裂3を付与<br> 2d7 ：的中時、破裂3を付与<br> 3d4 ：クリティカル的中時、[破裂爆発]。破裂を4消費	サリュー	貫通：憂鬱<br>使用時：対象より速度が高いなら、対象との速度差2ごとにスキル 威力+1（最大2）<br>3d5 ：的中時、呼吸1を得る。自分の速度が7以上なら破裂3を付与<br>3d5 ：的中時、呼吸1を得る。自分の速度が7以上なら破裂3を付与 <br>2d8 ：的中時、呼吸1を得る。自分の速度が7以上なら破裂3を付与<br>2d8 ：クリティカル的中時、[破裂爆発]。破裂を3消費。クリティカルダメージ量+3	なし	[集中攻撃-○○]最大3 中立バフ<br>集中攻撃-○○を付与したキャラクターが、付与されたキャラクターへス キル使用時、数値によって下記の効果を得る<br>1：マッチ威力+1<br>2：スキル威力+1 <br>3：スキル威力+1、ダメージ量+1<br>集中攻撃-○○が付与されたキャラクターに攻撃を的中させることができなければR終了時に消滅
27	東部センク協会 3課フィクサーの人格	119	50	3d2+1	弱点	抵抗	普通	なし	草炎玉球	傲慢 x2 憤怒 x2 保有	R 終了時、自分の呼吸 3 ごとに次の R にクイック 1 を得る（最大 2）。<br>通常スキルで攻撃的中時、点穴-○○1 を付与（1R に 1 回）	軽身法	回避：憤怒 <br>8d2	発勁	貫通：暴食<br> 自分の速度が対象より2以上高ければスキル威力+1 <br>使用時：呼吸3を得る<br> 2d8 ：的中時、火傷1を付与<br> 2d8 ：的中時、火傷1を付与。クリティカル的中時、火傷1を付与	いざ尋常に	貫通：怠惰 <br>自分の速度が対象より3以上高ければスキル威力+1 <br>使用時：呼吸2を得る<br> 4d3+4 ：クリティカルダメージ量+3	草炎掌	貫通：憤怒 <br>マッチ勝利時：呼吸4を得る。対象の点穴-○○の数だけ呼吸を追加 で得る<br> 2d7+2 ：的中時、呼吸2を得る<br> 2d7+2 ：的中時、火傷2を付与 <br>3d5+2 ：的中時、対象の火傷6ごとに次のRに脆弱1を付与（最大 3）	一手頼み申す	貫通：傲慢<br>対象の点穴-○○1ごとにダメージ量+2 自分の速度が対象より3以上高ければスキル威力+2<br>マッチ勝利時：呼吸5を得る <br>2d8 ：的中時、火傷1を付与<br>2d8 ：的中時、火傷1を付与<br>2d8 ：的中時、火傷1を付与<br>3d7 ：クリティカルダメージ量が対象の火傷の数だけ増加（最大 5）	なし	[点穴-○○] 最大3 中立バフ 点穴-○○を付与したキャラクターが、付与されたキャラクターへスキル 使用時、数値によって下記の効果を得る 1：火傷付与量+1 2：火傷付与量+1、マッチ威力+1 3：火傷付与量+1、スキル威力+1 点穴-○○の付与された敵に攻撃を的中させることができなければR終了 時に消滅
28	南部リウ協会 6課フィクサーの人格	115	55	1d6	普通	弱点	抵抗	なし	一網打尽	憤怒 x3 共鳴	攻撃的中時、対象の火傷が 7 以上なら火傷 1 を付与	上蹴り	打撃反撃：憤怒<br> 2d8 ：的中時、火傷1を付与	一点突き	貫通：色欲<br> 2d7：的中時、火傷1を付与<br> 2d4	突破	打撃：憤怒 <br>マッチ勝利時：火傷3を付与<br> 5d2 <br>5d2 ：的中時、火傷1を付与	震脚	打撃：色欲<br> 3d4 ：的中時、火傷2を付与<br> 2d9 ：的中時、対象の火傷が6以上ならランダムな敵2名に火傷3を付与	練武掌打	打撃：怠惰<br>対象の火傷が6以上ならダメージ量+2 使用時：感情レベルが3以上ならスキル威力+2<br>4d2 ：的中時、火傷1を付与<br>4d2 ：的中時、火傷1を付与<br>4d2+1 ：的中時、火傷1を付与 <br>4d2+2 ：的中時、火傷3を付与	なし	なし
29	南部リウ協会 5課フィクサーの人格	120	50	1d6	普通	弱点	抵抗	なし	炎手撃	憤怒 x2 共鳴	対象の火傷 3 ごとにダメージ量+1（最大 3）	上蹴り	打撃反撃：憤怒 <br>2d8 ：的中時、火傷1を付与	炎絶	斬撃：憂鬱 <br>対象の火傷が6以上ならスキル威力+1<br> 2d6<br> 2d9 ：的中時、火傷2を付与	激しい花火	打撃：色欲<br> 対象の火傷が10以上ならマッチ威力+2<br> 8d2 ：的中時、対象の火傷が5以上なら次のRにパワーを1得る	全面戦争	斬撃：暴食 <br>対象の火傷が6以上ならスキル威力+1 <br>4d3 ：的中時、火傷2を付与<br> 4d3 ：的中時、火傷2を付与	紅炎拳	打撃：憤怒<br>使用時：感情レベルが3以上ならスキル威力+2<br>7d2<br>6d3 ：的中時、対象の火傷が10以下なら火傷の数を2倍にする	なし	なし
30	南部リウ協会 4課フィクサーの人格	120	50	3d2	抵抗	普通	弱点	なし	内なる熱血	憤怒 x3 保有	累計で火傷を 10 以上付与した時、感情レベル 1 上昇（1 戦闘 1 回まで発動）。<br>感情レベルが 2 以上ならスキル威力+1	炎反	斬撃反撃：憤怒<br> 被ダメージ直前：対象の火傷の数だけバリアを得る（最大10） <br>2d8<br> 2d8 ：的中時、火傷1を付与	炎斬	斬撃：怠惰<br> 対象の火傷が6以上ならスキル威力+1 <br>2d7 ：的中時、火傷1を付与<br> 2d7 ：的中時、火傷1を付与	正面突破	斬撃：憤怒<br> 対象の火傷が6以上ならスキル威力+1<br> 2d6 ：的中時、火傷1を付与<br> 2d6 ：的中時、火傷1を付与 <br>2d8 ：対象の火傷2ごとにダメージ量+1（最大5）	速剣	貫通：色欲<br> 4d4 ：的中時、次のダイスに「的中時、次のRにクイックを2得る」を付与<br> 2d8 ：的中時、対象に火傷1を付与	剣の流れ	斬撃：嫉妬<br>使用時：感情レベルが3以上ならスキル威力+2<br>3d4 ：的中時、火傷1を付与<br>3d4 ：的中時、火傷1を付与 <br>2d8<br>2d8 ：的中時、[葬炎]	なし	なし
31	南部セブン協会 6課フィクサーの人格	112	52	1d8	弱点	普通	抵抗	なし	五感	暴食 x4 共鳴	マッチ進行時、暴食共鳴数 4 ごとに対象のダイス威力が 1 減少	ガード	防御：暴食<br> 8d2	リポスト	貫通：暴食<br> マッチ勝利時：破裂2を付与<br> 3d4<br> 3d6 ：マッチ勝利的中時、次のRに麻痺2を付与	フレッシュ	貫通：憂鬱<br> 対象の破裂5ごとに破裂爆発ダメージ量+2<br> 7d2 ：的中時、[破裂爆発]。破裂を2消費	アン・ガルド	打撃：嫉妬 <br>マッチ開始時：対象の破裂4ごとにマッチ威力+1（最大2<br>） 4d4<br> 3d5 ：的中時、破裂2を付与	ムリネ	打撃：怠惰<br>2d9：的中時、最後のダイスで付与するデバフ量+2 <br>2d9<br>2d9 ：的中時、打撃脆弱1と破裂1を付与	なし	なし
32	南部セブン協会 5課フィクサーの人格	123	50	1d8	弱点	抵抗	普通	なし	弱点把握	暴食 x2 共鳴	一方攻撃時、対象の弱点属性で攻撃するなら破裂付与量+1	退避	回避：暴食<br> 8d2 ：回避成功時、破裂1を付与	リポスト	貫通：暴食 <br>マッチ勝利時：破裂2を付与<br> 3d4<br> 3d6 ：マッチ勝利的中時、次のRに麻痺2を付与	スラッシュ	斬撃：傲慢<br> マッチ勝利時：対象の破裂2ごとにダメージ量+1（最大4） <br>3d5 ：的中時、破裂2を付与	アンガジェマン	斬撃：怠惰 <br>マッチ開始時：対象のマッチ威力-1<br> 5d2 ：的中時、破裂1を付与 <br>5d2 ：的中時、破裂2を付与	アルト	斬撃：色欲<br>マッチ開始時：対象のマッチ威力-1。対象の破裂が7以上なら自分 のマッチ威力+1<br>5d2 ：的中時、[破裂爆発]。破裂を4消費<br>5d2<br>5d2 ：マッチ勝利的中時、次のRに弱点分析1を付与	なし	なし
33	南部セブン協会 4課フィクサーの人格	130	45	1d7+1	弱点	抵抗	普通	なし	予測分析	暴食 x3 保有	攻撃前、対象の弱点または脆弱属性で攻撃するなら[武装解放]	前へ出よう	斬撃反撃：色欲 <br>5d2 ：的中時、破裂1を付与 <br>5d2 ：的中時、破裂1を付与	リポスト	貫通：暴食<br> 使用時：武装2を得る <br>マッチ勝利時：破裂1を付与<br> 3d4<br> 3d6 ：マッチ勝利的中時、次のRに麻痺1を付与	プロファイリング	斬撃：憂鬱 <br>マッチ勝利時：対象に破裂2を付与<br> 4d3<br> 4d3<br> 4d3 ：的中時、[破裂爆発]。破裂を5消費。対象の破裂が7以上な ら弱点分析1を付与	ディソリューション	貫通：嫉妬 <br>使用時：武装2を得る <br>マッチ勝利時：破裂3を付与<br> 7d2 ：的中時、破裂2を付与。対象の破裂3ごとに固定ダメージ2を与える （最大10）	アルト	斬撃：暴食<br>使用時：対象の破裂3ごとにダメージ量+1（最大3） <br>マッチ勝利時：破裂2を付与<br>2d9 <br>2d9 ：的中時、破裂1を付与 <br>5d2+2 ：的中時、[破裂爆発]。破裂を4消費	なし	なし
34	北部ヂェーヴィチ協会 4課フィクサーの人格	130	57	1d3+3	普通	抵抗	弱点	なし	迅速配達	暴食 x4 保有	常時発動 舞台開始時、デリバリーキャリアが 0 の状態で開始する。<br>戦線離脱時、ランダムな味方 2 名にマッチ威力増加 1 を付与 効果 戦闘開始時、速度が 6 以上ならバリアをデリバリーキャリアの数 x2 だけ得る（最大 30）	戦略的休憩福祉モード	斬撃反撃：暴食<br> R終了時：[戦線離脱]<br>現在のデリバリーキャリアの数を0にする （戦闘中に1回） <br>2d10	2d10 1 デリバリーキャリア-崩壊ナイフ	斬撃：色欲<br> 自分のデリバリーキャリア10ごとにスキルd値+1 <br>使用時：対象の破裂が15以上なら破裂爆発で破裂を消費しない<br> 2d9 ：的中時、デリバリーキャリア2を得る。自分のデリバリーキ ャリアが15未満ならデリバリーキャリアを追加で1得る <br>2d9 ：的中時、[破裂爆発]。破裂を3消費	デリバリーキャリア-突破ガジェット	斬撃：暴食 <br>自分のデリバリーキャリア10ごとにスキルd値+1 <br>使用時：対象の破裂が15以上ならスキル威力+1 <br>2d7 ：的中時、破裂2を付与 <br>2d7 ：的中時、破裂2を付与<br> 4d3 ：的中時、デリバリーキャリア3と次のRにクイック2を得る。自分のデリバリーキャリアが15未満ならデリバリーキャリア を追加で1得る	デリバリーキャリア-ガジェット射出	斬撃：憤怒<br> 自分のデリバリーキャリア4ごとにダメージ量+1（最大10） 自分のデリバリーキャリア10ごとにスキルd数+1 <br>5d2 <br>5d2 ：的中時、破裂3を付与。次のRにクイック1を得る。自分の デリバリーキャリアが15以上ならクイックを追加で1得る <br>4d4 ：的中時、対象の破裂5ごとに脆弱1を付与（最大3）	デリバリーキャリア-配達補助	斬撃：暴食<br>自分のデリバリーキャリア4ごとにダメージ量+1（最大10）<br>自分のデリバリーキャリア10ごとにスキルd値+1<br>使用時：対象の破裂が15以上なら[破裂爆発]で破裂を消費しない<br>3d5 ：的中時、自分のデリバリーキャリア3ごとに破裂1を付与 <br>3d5<br>4d3 ：的中時、[破裂爆発]。破裂を5消費。デリバリーキャリアが 15以上なら破裂爆発ダメージ量+5。敵討伐時、次のRにクイック2 を得る	なし	[デリバリーキャリア] 最大99 中立バフ<br>R開始時に3得る<br>10以上ならクイック2を得る<br>20以上ならマッチ威力増加1、斬撃ダメージ量増加2を得る<br>30以上ならデリバリーキャリアの数だけ固定ダメージを受ける（バリア貫通）
35	南部ディエーチ協会 4課フィクサーの人格	130	50	1d5+2	普通	弱点	抵抗	なし	知識の伝道	憂鬱 x4 共鳴	常時発動 探求した知識 1 を得る 効果 打撃保護 2、バリア 15 を得る	探求没入	防御：怠惰<br> 使用時：探求した知識の数x5だけバリアを得る<br> 1d10	知識消耗	打撃：憂鬱 <br>このスキルが捨てられるとバリアを10、挑発値5を得る <br>使用時：ランダムなスキルを1つ捨てる<br> 2d4<br> 2d5<br> 2d5	無知を明かさん	打撃：暴食<br> このスキルが捨てられると打撃ダメージ量増加2を得る <br>使用時：ランダムなスキルを1つ捨てる。探求した知識が2以上な らスキル威力+2 <br>2d8 ：的中時、沈潜3を付与 <br>2d8<br> 2d8	知識の加護	打撃：嫉妬 <br>このスキルが捨てられるとバリア15を得る<br> 使用時：ランダムなスキルを1つ捨てる。探求した知識が3以上ならスキルd数が1増加し挑発値5を得る<br> 1d10 ：的中時、沈潜1を付与 <br>1d10 ：的中時、沈潜1を付与 <br>1d10 ：的中時、沈潜1を付与<br> 1d10 ：的中時、沈潜1を付与	苦痛に満ちた啓蒙	打撃：怠惰<br>このスキルが捨てられるとパワーを1、バリア10を得る<br>使用時：ランダムなスキルを1つ捨てる。探求した知識が3以上な らパワーを2得る<br>2d9 ：的中時、沈潜1を付与<br>2d9 ：的中時、沈潜1を付与<br>2d9 ：的中時、沈潜1を付与<br>2d9 ：的中時、沈潜1を付与	なし	[探求した知識] 中立バフ<br>数値が最後に捨てられたスキルのランクに変動する<br>ディエーチ協会フィ クサーの特定スキル威力上昇
36	南部ウーフィ協会 4課フィクサーの人格	130	50	1d3+3	抵抗	弱点	普通	なし	厳重な立会い	嫉妬 x3 保有	対象の振動 4 ごとにダメージ量+1（最大 3）	妨害禁止	防御：傲慢<br> 2d10 ：守備時、振動4を付与	履行勧告	斬撃：嫉妬<br> 対象の振動が3以上ならスキル威力+1<br> 2d8 <br>2d8 ：的中時、振動3を付与	第一警告	斬撃：傲慢 <br>対象の振動が6以上ならスキル威力+1 <br>4d4 ：的中時、振動2を付与<br> 4d4 ：的中時、振動2を付与	最終警告	貫通：憂鬱<br> 対象の振動6ごとにスキル威力+1（最大2）<br> 2d10 ：的中時、振動2を付与 <br>2d10 ：的中時、[振動爆発]。振動を5消費	適法執行	貫通：傲慢<br>対象の振動6ごとにスキル威力+1（最大3）<br>2d10 ：的中時、振動1を付与<br>2d10 ：的中時、振動1を付与 <br>4d4 ：的中時、対象の振動が20以上なら振動-崩壊へ[振幅変換]	なし	なし
37	バラのスパナ工房 A の人格	120	55	1d8	抵抗	弱点	普通	なし	鋸刃稼働	暴食 x2 共鳴	対象が振動状態ならスキルで付与する破裂+1	稼働開始	防御：暴食 <br>使用時：充電3を得る。次のRから振動同化1を得る <br>7d2	エンジン始動	斬撃：暴食<br> 使用時：充電4を得る<br> 2d7 ：的中時、振動1を付与 <br>2d8 ：的中時、破裂1を付与し、共振2を得る	チェーン潤滑	斬撃：嫉妬<br> 使用時：充電3を得る<br> 6d2+1 ：的中時、振動2と破裂1を付与	共振稼働	斬撃：傲慢<br> 使用時：充電2、共振4を得る<br> 2d9 <br>2d9 ：的中時、[振動爆発]。振動を4消費	切り刻む	斬撃：怠惰<br>使用時：充電を3ずつ消費し対象に破裂1を付与（最大5回）<br>5d2 ：的中時、[破裂爆発]。破裂を2消費<br>5d2 ：的中時、[破裂爆発]。破裂を2消費<br>2d9 ：的中時、対象の振動が5以上なら破裂3を付与	なし	なし
38	バラのスパナ工房 B の人格	120	55	3d2	普通	弱点	抵抗	なし	振動加速	憂鬱 x3 保有	戦闘開始時に充電を 3 消費して対象に攻撃が連続で 4 回的中した時、対象に振動 3 を付与する。<br>既に振動が付与されているなら[振動爆発] 振動を 3 消費し、次の R にパワー2 を得る	余熱	防御：怠惰 <br>使用時：充電3を得る。次のRから振動同化1を得る<br> 7d2	エンジン始動	打撃：憂鬱<br> 使用時：充電4を得る<br> 2d9 ：的中時、振動3を付与し共振2を得る	振動増幅	打撃：傲慢<br> 使用時：充電2を得る <br>6d2<br> 6d2 ：的中時、対象の振動が5以上なら次のRに虚弱1を付与	振動圧着	打撃：嫉妬<br> 5d2 ：的中時、対象の振動5ごとに次のRにクイック1を得る（最大2）<br> 5d2 ：的中時、対象の振動5ごとに共振1を得る（最大5）	仕上げの加速	打撃：怠惰<br>対象の振動が10以上ならスキル威力+2<br>2d9 ：的中時、対象の振動3ごとに追加ダメージ+1（最大5）<br>2d9 ：的中時、対象の振動3ごとに固定ダメージ1（最大5）<br>2d9 ：的中時、対象の振動3ごとに固定ダメージ1（最大5）<br>1d25 ：的中時、[振動爆発]。振動を5消費。充電を全て消費して消費した充電の数x2だけSANダメージを与える	なし	なし
39	ロジック・アトリエ所属フィクサーの人格	120	55	1d7	弱点	抵抗	普通	なし	弾丸補給	傲慢 x5 保有	スキルを 1 つ捨てる度に弾丸を 1 回復	無限大の弾丸	防御：傲慢 <br>戦闘開始時：ランダムなスキルを2つ捨てる <br>8d2 ：守備時、弾丸2回復	ドルターニャ	貫通：傲慢<br> このスキルが捨てられたなら破裂付与数+1<br> 使用時：ランダムなスキルを2つ捨てる <br>2d9 ：銃撃。的中時、弾丸を1消費し破裂2を付与 <br>3d4 ：銃撃。的中時、弾丸を1消費し破裂2を付与	シェルボストン	打撃：嫉妬 <br>このスキルが捨てられたなら破裂付与数+1 <br>使用時：ランダムなスキルを2つ捨てる<br> 8d2 ：銃撃。的中時、弾丸を1消費し[破裂爆発]。破裂を3消費	ロジック・アトリエ	貫通：憤怒<br> このスキルが捨てられたならパワー1を得る <br>使用時：前のRで捨てたスキルの数だけスキル威力増加（最大 3）。ランダムなスキルを1つ捨てる<br> 2d7 ：銃撃。的中時、弾丸を1消費し破裂2を付与<br> 2d7 ：銃撃。的中時、弾丸を1消費し破裂2を付与 <br>6d3 ：銃撃。的中時、弾丸を1消費し次のRに破裂脆弱3を付与	一弾集中	貫通：傲慢<br>使用時：ランダムなスキルを3つ捨てる。前のRで捨てたスキルの 数だけスキル威力増加（最大3）<br>25-1d20 ：銃撃。的中時、弾丸を2消費し[破裂爆発]。破裂を10消費。前のRで捨てたスキルの数x2だけ破裂消費量減少	なし	なし
40	ワザリングハイツバトラーの人格	120	50	1d8	普通	抵抗	弱点	なし	バトラー式対応	憂鬱 x3 保有	マッチ勝利時、沈潜 3 を付与	防御	防御：憤怒<br> このスキルが使われなかったらSANを10回復<br> 2d9	掃除開始	斬撃：憂鬱<br> 2d8<br> 2d8 ：的中時、沈潜3を付与。最大値的中時、次のRに束縛4を付 与	押収	打撃：傲慢<br> 戦闘開始時：両隣の味方のSANを8回復<br> 4d4 ：的中時、次のRに麻痺2を付与 <br>3d5 ：的中時、沈潜1を付与	招かざる客の出迎え	打撃：色欲 マッチ勝利時：次のRにd値強化1を得る<br>マッチ敗北時：沈潜5を得る<br>2d9+1 ：的中時、沈潜5を付与 <br>2d9+1	接客道二式 拘束	打撃：憤怒<br>使用時：対象の沈潜5ごとに、スキル威力+1（最大2）<br>2d7 ：的中時、次のRに束縛1と脆弱1を付与<br>2d7 ：的中時、次のRに束縛1と脆弱1を付与<br>2d8 ：的中時、対象の沈潜が8以上ならこのダイスを再使用（最大 1回）。最大値的中時、沈潜6を付与	なし	なし
41	エドガー家バトラーの人格	114	55	3d2+1	弱点	抵抗	普通	なし	積もった埃を払う	憂鬱 x5 保有	クリティカル的中時、付与するデバフが 1 増加	回避	回避：憂鬱<br> 2d9 ：回避成功時、SANを5回復	反らし打ち	打撃：傲慢 <br>使用時：呼吸5を得る<br> 2d9 ：的中時、次のRに沈潜2と脆弱1を付与	阻止術	斬撃：嫉妬 <br>使用時：対象より速度が高ければSANを5回復<br> 5d2+2 ：的中時、次のRにクイック2を得る<br> 5d2 ：的中時、次のRに麻痺1を付与	動作制圧	斬撃：暴食 <br>マッチ勝利時：対象より速度が高ければ斬撃脆弱2を付与<br> 4d3 ：的中時、呼吸2を得る<br> 4d3 ：的中時、呼吸2を得る <br>2d8+1 ：的中時、沈潜3と脆弱1を付与	胴体束縛術	打撃：憂鬱<br>使用時：対象より速度が高ければ、マッチ威力+2 <br>7d2+2 ：的中時、出血5を付与。次のRに脆弱1を付与	なし	なし
42	マルチクラック事務所フィクサーの人格	120	54	2d3	普通	弱点	抵抗	なし	義体モデル-L37	嫉妬 x5 保有	常時発動 充電を 10 消費するごとに電圧 1 を得る 効果 R 開始時に充電が 8 未満なら虚弱 1 を得て、9 以上ならマッチ威力増加 2 を得る	充電	防御：嫉妬<br> 使用時：充電4を得る<br> 7d2<br> 5d2	40-S2稼働	斬撃：憤怒<br> 使用時：充電を5消費しスキル威力+2<br> 2d8 ：的中時、充電2を得る <br>2d8 ：的中時、充電2を得る	銛の標識	打撃：嫉妬<br> 使用時：充電が5以上10未満なら、充電が10になるまで、充電1 を得てHPが4減少する <br>攻撃前：充電を10消費してスキル威力+3<br> 4d3 ：的中時、充電を消費したなら脆弱2を付与<br> 4d3 ：的中時、充電を消費したなら脆弱2を付与<br> 4d4 ：的中時、次のRにHP回復量減少2を付与	光電銛	斬撃：憂鬱 <br>電圧2ごとにスキル威力+1（最大3）<br> 5d2<br> 5d2 <br>5d2+1 ：的中時、自分の電圧1ごとに充電3を得る（最大9）<br> 5d2+1 ：的中時、自分の電圧の数だけ次のRに光電を付与 （最大 3）	40Y-3 充電	打撃：傲慢<br>4d2+2 ：的中時、5+電圧の数だけ充電を得る（最大9）<br>4d3 ：的中時、5+電圧の数だけ充電を得る（最大9）<br>4d3 <br>2d10 ：的中時、次のRに嫉妬脆弱1を付与。自分の電圧の数だけ 追加付与（最大3）	なし	[光電] 最大3 デバフ <br>[1R] 被ダメージ時、攻撃者の充電が光電の数だけ増加（スキルごとに1 回）
43	牙狩事務所フィクサーの人格	125	50	1d4+1	普通	弱点	抵抗	なし	過激な狩猟術	暴食 x3 保有	攻撃的中時、10％の確率で破裂 3 を付与	止血	防御：嫉妬<br> 戦闘開始時：このRの間、出血が付与されない<br> 7d2<br> 5d2	振り下ろす	打撃：暴食 <br>対象の破裂が6以上ならダメージ量+2<br> 5d2+2 ：的中時、破裂2と脆弱1を付与	傷を抉る	打撃：嫉妬<br> 対象の破裂が6以上ならスキル威力+1<br> 4d3：的中時、破裂2を付与 <br>4d3：的中時、HP回復量減少2を付与。[破裂爆発]。破裂を4消費	骨を折る	打撃：傲慢 <br>マッチ勝利時：破裂2を付与<br> 3d5 ：対象が血鬼または血袋なら的中時、破裂10を付与 <br>3d5+2 ：的中時、[破裂爆発]。破裂を10消費	狂的な狩りの〆	打撃：憤怒<br>対象が血鬼または血袋ならスキルd値+2<br>使用時：対象の破裂が10以上ならこのスキルで与える[破裂爆発]で 破裂を消費しない<br>4d4 ：的中時、破裂2と脆弱1を付与。[破裂爆発]。破裂を7消費 <br>4d4 ：的中時、破裂3を付与。[破裂爆発]。破裂を7消費<br>4d4 ：的中時、[破裂爆発]。破裂を7消費	なし	なし
44	炎拳事務所フィクサーの人格	130	45	3d2	弱点	普通	抵抗	なし	12 区特性工房燃料力	憤怒 x3 共鳴	常時発動 12 区産燃料を 100 得て舞台開始。<br>数値が 50 以下の間は 12 区産燃料が過熱燃料になる 効果 対象の火傷 3 ごとにダメージ量+1（最大 5）	姐さんの分がまだだ	マッチ可能打撃反撃：憂鬱 <br>戦闘開始時：12区産燃料100を得る<br> 2d9 ：的中時、火傷2を付与	火炎放射	打撃：色欲<br> 2d8：的中時、火傷2を付与 <br>2d8 ：的中時、12区産燃料を25消費し火傷4を付与	過熱拳	打撃：色欲 <br>マッチ開始時：対象が火傷状態ならマッチ威力+1。対象が血鬼また は血袋ならさらに+1<br> 6d2 ：的中時、火傷3を付与<br> 6d2 ：的中時、火傷3を付与	焼き尽くす	打撃：憤怒 <br>対象の火傷が6以上ならスキル威力+1<br> 12区産燃料を消費するとき、ダメージ量+1<br>過熱燃料状態なら代わりにダメージ量+3 <br>3d7 ：的中時、火傷1を付与。12区産燃料を10消費し火傷が最も 少ない敵2名へ火傷3を付与 <br>2d10 ：的中時、火傷1を付与。12区産燃料を10消費し火傷が最も 少ない敵2名へ火傷3を付与	炎拳	打撃：憤怒<br>対象の火傷が8以上ならスキル威力+2<br>使用時：12区産燃料を最大25消費し消費した12区産燃料5ごとにダメージ量1増加。過熱燃料状態なら消費した燃料2ごとにダメ ージ量1増加（最大10） <br>攻撃後：対象が死亡するかこのスキルで12区産燃料を消費したなら次のRに打撃ダメージ量増加2を得る<br>2d9 ：的中時、12区産燃料を消費したなら火傷3を付与<br>2d9 ：的中時、12区産燃料を消費したなら火傷3を付与<br>2d10 ：的中時、12区産燃料を消費したなら[葬炎]	なし	[12 区産燃料]最大100 中立バフ<br>特定スキル使用時に燃料が消費される<br>[過熱燃料]最大100 中立バフ<br>過熱燃料状態で12区産燃料を消費時、代わりに過熱燃料が消費される<br>この燃料を消費時、12区産燃料が消費されたものと判定される
45	鈎事務所フィクサーの人格	110	47	1d6+1	普通	抵抗	弱点	なし	普及型生体装備	色欲 x5 保有	敵討伐時、次の R にパワー1 を得て SAN を 10 回復	素早い	回避：傲慢<br> 対象の出血が7以上ならスキル威力+2<br> 7d2	追跡	貫通：憤怒<br> 自分のクイックが2以上ならスキル威力+1<br> 2d7<br> 2d7 ：的中時、次のRに出血1を付与	滅多斬り	貫通：嫉妬 <br>対象の出血が4以上ならダメージ量+2 <br>5d2 ：的中時、HPを2回復<br> 5d2 ：的中時、HPを2回復	お先	貫通：色欲 <br>使用時：次のRにクイック2を得る <br>4d2+1 ：的中時、次のRに出血1を付与<br> 4d2+1 ：的中時、次のRに出血1を付与<br> 3d4 ：的中時、自分が対象より速度が高い場合、自分と対象の速度 差2ごとに出血1を付与（最大3）	狂乱	貫通：傲慢<br>自分の速度が7以上ならスキル威力+2<br> 対象の失ったHP10ごとにダメージ量+1（最大3）<br>2d7 ：的中時、対象の出血1ごとにSANを1回復（最大10）<br>2d7<br>2d9 ：的中時、次のRに出血1を付与<br>2d9 ：的中時、次のRに出血1を付与	なし	なし
46	旧 G社兵士の人格	110	50	1d6	抵抗	弱点	普通	なし	因子コード G-3	暴食 x5 保有	攻撃的中時、 HP が 50％以下なら自分の HP を 3 回復する	反撃	斬撃反撃：色欲<br> 6d2	薙ぎ払う	斬撃：暴食<br> マッチ勝利時：ダメージ量+2 <br>2d6 ：的中時、HPを4回復<br> 2d7 ：的中時、破裂2を付与	四肢切断	斬撃：怠惰 <br>対象の破裂が5以上なら破裂爆発ダメージ量+5<br> 7d2 ：的中時、[破裂爆発]。破裂を3消費。 マッチ勝利的中時、HPを5回復	引き裂く	斬撃：暴食<br> 対象の破裂が5以上ならスキル威力+1<br> 2d8 ：的中時、破裂2を付与 <br>2d5 ：的中時、破裂2を付与<br>2d8 ：的中時、次のRにHP回復量増加2を得る	内臓抉り	斬撃：色欲<br>対象の破裂が5以上ならスキル威力+1<br>2d7：的中時、[破裂爆発]。破裂を3消費<br>2d7 ：的中時、[破裂爆発]。破裂を5消費<br>2d7 ：的中時、[破裂爆発]。破裂を7消費<br>2d9 ：的中時、与えたダメージ量だけHPを回復（最大20）	なし	なし
47	旧 G社部長の人格	120	50	4d2	弱点	抵抗	普通	なし	士気高揚	怠惰 x2 共鳴	次の R にて、現在自分の両隣にいる味方にクイック 3 を付与	覚悟	防御：怠惰<br> 5d2 ：守備時、次のRにダメージ量増加1を得る	響かせる	貫通：憤怒 <br>2d9 ：的中時、沈潜4を付与	攻撃命令	打撃：暴食<br> 使用時：後方の味方1名にパワー1を付与 <br>3d5 ：的中時、後方の味方1名にダメージ量増加2を付与	防御命令	打撃：怠惰 <br>使用時：後方の味方1名に保護2を付与 <br>2d10 ：的中時、後方の味方1名に混乱保護3を付与	波動	打撃：憂鬱<br>戦闘開始時：後方の味方3名にダメージ量増加2と沈潜3を付与<br>2d9+6 ：的中時、沈潜5を付与	なし	なし
48	黒獣-卯の人格	122	50	3d2+1	抵抗	普通	弱点	なし	黒獣化【卯】	暴食 x3 保有	自分に脚力【卯】があるかつ、対象に呪殺【迅速】があるなら HP ダメージ量+3	部分黒獣化	マッチ可能斬撃反撃：暴食<br> 自分の速度が対象より高いならスキル威力+1 <br>使用時：脚力【卯】3を得る<br> 2d9 ：的中時、破裂2を付与	瞬歩	斬撃：怠惰<br> 使用時：対象の破裂が4以上ならスキルd値+1 <br>2d8 ：的中時、破裂1を付与 <br>2d7 ：的中時、破裂1を付与。自分の速度が10以上ならこのダイス を再使用（最大1回）	刺殺	斬撃：暴食<br> 自分の速度が対象より3以上高ければスキルd値+1<br> 一方攻撃時：破裂2を付与<br> 3d5 ：的中時、次のRにクイック1を得る<br> 4d4 ：的中時、[破裂爆発]。破裂を4消費。自分の速度が10以上な ら破裂爆発ダメージ量+4	暗撃	斬撃：暴食 <br>使用時：対象に呪殺【迅速】があるならこのスキルの破裂付与数+1<br> 4d3 ：的中時、破裂2を付与<br>4d3 ：的中時、破裂1を付与 <br>2d9 ：的中時、破裂1を付与	刻呪殺剣	斬撃：憂鬱<br>自分の速度が対象より高いなら、（対象との速度差x対象の破裂 数）5ごとにダメージ量+1（最大5）<br>使用時：対象の破裂が15以上ならスキル威力+2<br>攻撃後：脚力【卯】3を得る<br>一方攻撃時：破裂2を付与<br>2d9+2 ：的中時、破裂1と呪殺【迅速】3を付与<br>2d9+2 ：的中時、破裂1を付与<br>2d10+2 ：的中時、[破裂爆発]。破裂を4消費。 自分の速度が10以上ならこのダイスを再使用（最大1回） 再使用的中時、呪殺【迅速】3を付与	なし	呪殺【迅速】最大3 デバフ<br>速度が10以上の対象からの破裂爆発時に、破裂が消費される代わりに、 呪殺【迅速】が1減少<br>数値が0になる時破裂の数だけ暴食ダメージを受けて消滅<br>この効果は更新されない<br>脚力【卯】最大3 バフ<br>R 終了時、次のRにクイック5を得る<br>R 終了時1減少
49	黒獣-巳の人格	125	50	2d3+1	抵抗	普通	弱点	なし	黒獣化[巳]	暴食 x3 保有	対象に呪殺【毒】があるなら、自分の巳腕 1 ごとにダメージ量+1（最大 3）	反蹴	マッチ可能防御：暴食 <br>戦闘開始時：次のRに巳腕3を得る <br>8d2	巳閃	斬撃：傲慢<br> 使用時：自分の呼吸と対象の破裂の合計が10以上ならスキルd値 +1<br> 2d7 ：的中時、破裂1を付与<br>2d7 ：的中時、破裂1を付与。クリティカル的中時、自分に巳腕があれば破裂3を付与	巳噛腕	斬撃：暴食 <br>使用時：自分の呼吸と対象の破裂の合計が10以上ならスキルd値 +1 <br>マッチ勝利時：呼吸4を得て対象に破裂3を付与<br> 3d4 ：的中時、破裂1を付与 <br>3d4 ：的中時、破裂1を付与 <br>2d8 ：的中時、呪殺【毒】を5付与 クリティカル的中時、[破裂爆発]。破裂を4消費	変形伸腕	貫通：嫉妬 <br>使用時：自分の呼吸と対象の破裂の合計10ごとにスキル威力+1 （最大2） <br>マッチ勝利時：呼吸3を得る<br> 4d5 ：的中時、[破裂爆発]。破裂を2消費。クリティカル的中時、 呼吸x5％の確率（最大50％）でこのダイスを1度だけ再使用。再使用的中時、巳腕1を得る	絶命巳乱	斬撃：憂鬱<br>広域：対象3体 [広域乱射]<br>使用時：自分の呼吸と対象の破裂の合計が15以上ならスキルd値 +1。巳腕3を得る<br>マッチ勝利時：全対象に破裂3を付与<br>2d9 ：的中時、破裂3を付与 <br>2d9 ：的中時、破裂3を付与<br>2d9 ：的中時、[破裂爆発]。破裂を2消費。クリティカル的中時、 呼吸x5％の確率（最大50％）でこのダイスを再使用（最大2回）	なし	呪殺【毒】最大5 デバフ<br>クリティカル攻撃で破裂爆発時にマッチ威力減少1を得て（1Rに3回）、 呪殺【毒】を1減少<br>呪殺【毒】が0になる時、破裂の数だけ暴食ダメージを受けて消滅 この効果は更新されない<br>巳腕 最大3 バフ<br>スキル使用時、対象に破裂があるなら呼吸4を得る<br>R終了時、次のRに呼吸3を得る<br>R終了時1減少
50	黒獣-午の人格	130	50	3d2+1	抵抗	弱点	普通	なし	黒獣化[午]	暴食 x3 保有	下記の条件を満たした時、敵陣走破 1 を得る。<br>・攻撃前に対象よりも速度が 3 以上高い時。<br>・自分のスキルで振動爆発を 3 回以上発動。<br>・脚力【午】を保有している状態でマッチ勝利	突撃準備	マッチ可能防御：暴食<br> 戦闘開始時：脚力【午】3を得る<br> 8d2	切り伏せる	斬撃：怠惰 <br>使用時：対象の破裂と振動が合計15以上ならスキル威力+1 <br>マッチ勝利時：次のRに束縛2を付与 <br>2d7 <br>2d8 ：的中時、振動2と破裂1を付与	馬陣粉砕	斬撃：暴食<br> 対象の束縛の数だけダメージ量+1 <br>自分の速度が対象より2以上高ければスキル威力+1 <br>使用時：対象の破裂と振動が合計15以上ならスキル威力+1 <br>2d13 ：的中時、[振動爆発] [破裂爆発]。振動2と破裂2を消費	月刀撃	斬撃：嫉妬 <br>自分の速度が対象より高ければスキル威力+1 <br>自分の敵陣走破の数だけダメージ量+1（最大4） <br>使用時：次のRにクイック2を得る<br> 2d9+1 ：的中時、破裂2を付与 <br>2d9+1 ：的中時、[振動爆発]。振動を2消費。 対象に呪殺がなければ脳震盪2を付与	先鋒走破	打撃：暴食<br>自分の速度が対象の速度より高ければスキル威力+2 <br>自分の敵陣走破の数だけダメージ量+1（最大5）<br>使用時：次のRに脚力【午】3を得る。自分の敵陣走破が5以上ならこのスキルの全ダイスが破壊不能ダイスに変更される<br>7d2 ：的中時、振動2と破裂2を付与<br>7d2 ：的中時、次のRに束縛2を付与。自分の敵陣走破が3以上な ら追加で1付与<br>8d2 ：的中時、[振動爆発] [破裂爆発]。振動2と破裂2を消費。自分 の脚力【午】が2以上なら脳震盪2を付与	なし	脚力【午】最大3 バフ<br>R終了時、次のRにクイック3と挑発値8を得て数値を1減少<br>攻撃前、振動を現在の脚力【午】の数だけメインターゲットに付与<br>敵陣走破 最大5 バフ<br>R開始時、1ごとにバリア3を得る<br>最大値の場合、スキル威力+1<br>被攻撃前、数値が3以上なら保護1を得る<br>脳震盪 最大2 デバフ<br>破裂と振動によるダメージが4増加<br>R終了時に1減少
51	黒獣-酉の人格	120	55	1d8	抵抗	弱点	普通	なし	黒獣化[酉]	暴食 x3 保有	減少 HP15 ごとにダメージ量増加 1 を得る（最大 3）。<br>血炎と火傷を得ているなら、憤怒ダメージ量増加 2 と暴食ダメージ量増加 1 を得る	鶏窮則殺	マッチ可能斬撃反撃：暴食 <br>使用時：次のRに血炎3を得る <br>マッチ敗北時：対象と自分に火傷8を付与<br> 2d8 ：的中時、火傷1を付与<br> 2d8 ：的中時、破裂1を付与	燃え上がる血の臭い	斬撃：色欲<br> 2d7<br> 2d7 ：的中時、破裂2を付与。過半数的中時、火傷3を付与<br> 2d8 ：的中時、破裂2を付与。過半数的中時、火傷3を付与	酔い暴れる	斬撃：暴食 <br>使用時：対象の火傷と破裂の合計が15以上ならスキル威力+2 <br>3d5 ：的中時、[破裂爆発]。破裂を2消費<br> 3d5 ：的中時、[破裂爆発]。破裂2消費<br> 2d9 ：過半数的中時、自分のHPが50％未満ならこのダイスを1度 だけ再使用。<br>再使用的中時、このダイスで与えたダメージの半分だ け憤怒ダメージを追加で与える	鬨の声をあげて	斬撃：憤怒<br> 自分の減少HP10ごとにダメージ量+1（最大4） <br>使用時：対象の火傷と破裂の合計が15以上ならスキル威力+2 <br>マッチ敗北時：対象と自分に火傷8を付与 <br>2d12 ：過半数的中時、自分に血炎があるか、自分のHPが50％未満ならこのダイスを1度だけ再使用。再使用的中時、火傷2と破裂 1を付与。<br>2d12 ：過半数的中時、自分に血炎があるか、自分のHPが50％未満ならこのダイスを1度だけ再使用。	血炎亂舞	斬撃：憤怒<br>広域：対象3体 [広域乱射] 自分の減少HP10ごとにダメージ量+1（最大4）<br>戦闘開始時：自分に血炎があるか、自分のHPが25％未満ならこのスキルの全ダイスが破壊不能ダイスになる<br>使用時：血炎1を得る<br>マッチ敗北時：対象と自分に火傷8を付与<br>2d8<br>2d8 ：的中時、破裂2と火傷2を付与<br>2d8 ：的中時、破裂1と火傷1を付与<br>2d8+3 ：的中時、破裂1と火傷1を付与。 過半数的中時、烙印1を付与	なし	血炎 最大3 バフ<br>基本スキルで敵へ付与する火傷と破裂付与量+1 このバフを保有した状態で敵討伐時、SANを10回復、既に自分のSANが 最大なら次のRにダメージ量増加2とクイック1を得る R終了時、数値が1減少
52	シー家私兵の人格	115	50	2d2+1	弱点	普通	抵抗	なし	シー製充電回路	憂鬱 x4 保有	常時発動 戦闘中、充電を累計で 10 消費する度に電圧 1 を得る<br> 効果 R 終了時、電圧が 3 以上なら次の R に脆弱 4 とダメージ量増加 3 を得る	充斧流-流れに合わせる	斬撃反撃：憂鬱 <br>使用時：充電5を得る <br>7d2 <br>7d2 ：的中時、破裂3を付与	充斧流-割り砕く	斬撃：憂鬱 <br>使用時：充電2を得る <br>7d2 ：的中時、破裂4を付与し充電2を得る	充斧流-巻き砕く	斬撃：嫉妬<br> マッチ開始時：対象が破裂状態なら破裂3を付与<br> 2d9 ：的中時、[破裂爆発]。破裂を5消費。自分の充電が10以上な ら充電を3消費し破裂爆発で破裂を消費しない<br> 2d9 ：的中時、[破裂爆発]。破裂を5消費。自分の充電が5以上な ら充電を3消費し破裂爆発で破裂を消費しない	充斧流-絡み付く	斬撃：憂鬱 <br>使用時：充電5を得る<br> 8d2 ：的中時、破裂1を付与し充電2を得る <br>8d2 ：的中時、破裂1を付与し充電2を得る	充斧流-破砕	斬撃：暴食<br>使用時：充電を10消費しスキル威力+1<br>マッチ勝利時：破裂3を付与。充電を10消費しているなら追加で 破裂2を付与 <br>5d2+1 ：的中時、破裂2を付与<br>5d2+1 ：的中時、破裂2を付与 <br>5d2+2 ：的中時、[破裂爆発]。破裂を5消費。電圧が3以上なら破 裂爆発で破裂を消費しない	なし	なし
53	シュエ家私兵の人格	120	46	1d7	弱点	普通	抵抗	なし	その間の被害	暴食 x3 共鳴	戦闘中にダメージを受けた時、その R の間与ダメージ量+3。<br>マッチ勝利したなら追加で+2	追い立てる	斬撃反撃：暴食<br> 5d2+2 ：的中時、次のRに出血2を付与	受け斬り	斬撃：暴食 <br>マッチ開始時：対象が出血で受けるダメージ量+3<br> 2d8	押し斬る	斬撃：怠惰 <br>使用時：対象の出血が6以上ならマッチ威力+1<br> 3d4+2 ：的中時、次のRに出血2を付与 <br>3d4+2 ：的中時、次のRに出血2を付与	波斬り	斬撃：憤怒 <br>5d2<br> 5d2 ：破壊不能ダイス。対象の出血3ごとにダメージ量+1（最大 10）<br> 6d2 ：的中時、次のRに出血3を付与<br> 6d2	馬出劫洗	斬撃：傲慢<br>使用時：対象の出血5ごとにスキル威力+1（最大2） <br>2d10 ：的中時、出血脆弱2を付与<br>5d2+3 ：破壊不能ダイス	なし	なし
54	ワン家呪殺僧の人格	120	50	1d6	弱点	普通	抵抗	なし	慝邪な気	憤怒 x3 共鳴	常時発動 マッチ敗北時、SAN が 5 減少<br> 効果 不吉なお札を付与する時、対象が既に不吉なお札を保有しているなら、代わりに対象が保有している不吉なお札を 3 消費し、脆弱 2 を付与	符霊術-防御	防御：嫉妬 <br>戦闘開始時：減少SAN2ごとにバリア1を得る（最大20）<br> 11-1d6	符霊術-符撃	打撃：色欲 <br>使用時：対象の破裂が4ごとにスキル威力+1（最大2）<br> 8-1d4 ：的中時、破裂2と不吉なお札10を付与	符霊術-効力発動	打撃：傲慢<br>使用時：対象の破裂が4ごとにスキル威力+1（最大2） <br>11-1d5 ：的中時、破裂3と不吉なお札10を付与<br> 11-1d5 ：的中時、対象の不吉なお札を2消費	符霊術-呪殺人形	打撃：暴食<br> 戦闘開始時：減少したSAN 15ごとにスキル威力+1（最大2）<br> 使用時：対象の破裂が4ごとにスキル威力+1（最大2）<br> 12-1d6 ：的中時、破裂2を付与し対象の不吉なお札を5消費	符霊術-邪気爆発	打撃：憤怒<br>戦闘開始時：減少したSAN 15ごとにスキル威力+1（最大3） <br>マッチ敗北時：スキル威力-9 <br>攻撃後：士気低下状態ならSANを30回復<br>14-1d7 ：破壊不能ダイス。的中時、破裂3を付与 <br>14-1d7 ：破壊不能ダイス。破壊されず的中時、対象の不吉なお札を 8消費	なし	なし
55	K社 3級職員の人格	125	45	2d3	弱点	抵抗	普通	なし	回復アンプル注入	暴食 x3 共鳴	戦闘開始時、自分の HP を 10 回復	アンプル注入	防御：暴食 <br>6d2+3 ：守備時、HPを8回復	挙不者発見	打撃：傲慢<br> 6d2 ：的中時、破裂3を付与	崩壊刃	打撃：暴食<br> 2d8 ：的中時、[破裂爆発]。破裂を2消費<br> 2d8 ：的中時、[破裂爆発]。破裂を4消費	出入り遮断	打撃：憂鬱<br> 2d6<br> 2d6 ：的中時、対象の破裂が10以上ならHPを5回復<br> 2d7 ：的中時、対象の破裂が10以上ならHPを5回復<br> 2d7 ：的中時、対象の破裂が10以上なら[破裂爆発]。破裂を3消費	対象摘出	打撃：怠惰<br>現在HPが80％以上ならスキルd値+2<br>1d4+7<br>1d4+7 ：的中時、破裂3を付与	なし	なし
56	LCCB係長 A の人格	125	55	1d6+1	普通	弱点	抵抗	なし	ブリーチング	嫉妬 x2 保有	守備スキルを使用している敵に与える破裂爆発ダメージ量+5	ガード	防御：傲慢 <br>7d2<br> 3d3	シンプルな打撃	打撃：傲慢<br> 2d8 ：的中時、破裂3を付与	押し上げる	打撃：暴食<br> 使用時：対象のHPが25％以下なら、スキル威力+2<br> 3d5<br> 2d9 ：的中時、破裂2を付与	刺して割る	貫通：色欲<br> 使用時：対象の破裂が10以上なら、スキル威力＋2<br> 2d7 ：的中時、破裂1を付与<br> 2d6 ：的中時、破裂1を付与 <br>2d5 ：的中時、破裂1を付与<br> 2d4 ：的中時、破裂1を付与	特攻制圧	打撃：嫉妬<br>対象がこのRでまだ攻撃でダメージを受けていないなら、スキル威力+2<br>5d2<br>7d2 ：的中時、[破裂爆発]。破裂を5消費	なし	なし
57	LCCB係長 B の人格	132	45	2d3	普通	弱点	抵抗	13	弱点補足	暴食 x3 共鳴	マッチ勝利時、[振動爆発]。振動を 1 消費	防御	防御：暴食 <br>2d10	押し付ける	打撃：暴食<br> 使用時：次のRに挑発値4を得る <br>5d2 ：的中時、振動3を付与	完璧な防御	防御：憤怒<br> 8d2<br> 8d2<br> 2d5	振動弾	打撃：憂鬱<br> 4d3：的中時、虚弱1を付与<br> 2d8 ：銃撃。的中時、弾丸を1消費し振動5を付与<br> 2d8 ：銃撃。的中時、弾丸を1消費し振動5を付与	制圧	打撃：傲慢<br>5d3 ：的中時、[振動爆発]。振動を3消費<br>2d9 ：銃撃。的中時、弾丸を1消費し破裂4を付与<br>2d9 ：銃撃。的中時、弾丸を1消費し破裂4を付与<br>2d9 ：銃撃。的中時、弾丸を1消費し脆弱3を付与	なし	なし
58	LCCB係長 C の人格	114	50	2d3	普通	抵抗	弱点	7	作戦開始	暴食 x2 保有	R 終了時、呼吸が 7 以上あれば SAN を 8 回復	防御	防御：暴食<br> 8d2	押しのける	打撃：色欲 <br>使用時：呼吸2を得る <br>2d8 ：的中時、呼吸2を得る	タイミングを狙う	回避：嫉妬<br> 2d9<br> 2d7	隠密作戦	打撃：暴食<br> 自分の呼吸が7以上ならスキル威力+1<br> 2d9 ：的中時、呼吸2を得<br>る 5d2 ：クリティカル的中時、次のRにダメージ量減少3を付与	発射	貫通：傲慢<br>使用時：呼吸4を得る<br>2d7 ：クリティカル的中時、呼吸2を得る<br>2d7 ：クリティカル的中時、呼吸2を得る <br>2d10 ：銃撃。的中時、弾丸を1消費し振動4と破裂4を付与。 クリティカル的中時、振動4と破裂4を付与	なし	なし
59	N社大鎚の人格	130	50	1d4	普通	抵抗	弱点	なし	執念の金鎚	憤怒 x3 共鳴	戦闘開始時、自分の HP が 50%未満なら自分に付与されたデバフの内 1 つをランダムに除去	異端審判	貫通反撃：憤怒<br> 5d2 ：的中時、N社の釘2を付与	大釘打ち	貫通：傲慢 <br>マッチ敗北時：次のRに狂信3を得る<br> 3d3 ：的中時、次のRに出血2を付与<br> 2d3 ：的中時、N社の釘1を付与<br> 2d3	狂的な浄化	打撃：怠惰 <br>使用時：次のRに挑発値5を得る<br> マッチ勝利時：狂信1を得る<br> 4d3 ：的中時、麻痺2を付与<br> 2d10	罪を洗い流さん	打撃：傲慢 <br>使用時：次のRに挑発値5を得る<br> 3d4 ：的中時、N社の釘2を付与<br> 2d9 ：的中時、出血2を付与	異端抹殺	貫通：憤怒<br>使用時：対象にN社の釘があれば、スキル威力+1。対象が機械融和 生命体ならばさらにスキル威力+3<br>3d4 ：的中時、N社の釘2を付与<br>3d7 ：的中時、対象のN社の釘1ごとにHPを2回復	なし	なし
60	N社中鎚の人格	110	55	1d6	抵抗	普通	弱点	なし	処断の歓び	色欲 x2 保有	敵が死亡した時、次の R にパワー1 とダメージ量増加 1 を得る。<br>自分が対象を倒した時、追加で狂信を 2 得る（1R に 1 回）	固い信心	防御：色欲<br> 使用時：保護1を得る<br> 8d2	忠実な釘打ち	貫通：傲慢<br> 2d7 ：的中時、次のRに出血1を付与<br> 2d5 ：的中時、N社の釘1を付与	団結	打撃：色欲<br> マッチ勝利時：SANが最も低い味方2名のSANが5回復し、それがN社狂信者であれば狂信2を付与<br> 3d6<br> 2d5	治める金槌	打撃：怠惰<br> 2d8 ：的中時、次のRに出血2を付与<br> 2d7 ：的中時、N社の釘1を付与<br> 2d4 ：対象の出血が5以上ならダメージ量+3	鉄の断罪	打撃：憤怒<br>対象が機械融和生命体ならばさらにスキル威力+2<br>3d7<br>5d2<br>2d7 ：的中時、対象の出血を1回発動	なし	なし
61	N社小鎚の人格	110	50	2d2+1	抵抗	普通	弱点	なし	満ちゆく信仰	色欲 x3 共鳴	自分に狂信があるなら SAN を 5 回復	固い信心	防御：色欲 <br>使用時：保護1を得る<br> 8d2	釘打ち	貫通：傲慢<br> 2d7 ：的中時、N社の釘2を付与 <br>2d5	異端審判	打撃：色欲 <br>マッチ勝利時：次のRに狂信1を得る <br>3d6 ：マッチ勝利的中時、N社の釘1を付与<br> 2d5 ：的中時、次のRに出血2を付与	浄化！	打撃：憂鬱<br> 5d2+4 ：的中時、次のRに束縛2を付与	断罪	打撃：憤怒<br>対象が機械融和生命体ならばさらにスキル威力+1<br>3d7<br>5d2<br>2d7 ：的中時、対象のN社の釘が5以上なら、次のRに束縛3を付 与	なし	なし
62	R社第四群ウサギチームの人格	100	50	2d3+1	普通	抵抗	弱点	13	草を食む準備	憤怒 x3 共鳴	充電が 5 以上ならクイック 1 とパワー1 を得る	迅速歩法	回避：憤怒<br> 8d2 ：回避成功時、充電1を得る	草食み	貫通：憤怒 <br>2d9 ：銃撃。的中時、弾丸を1消費<br> 2d9 ：銃撃。的中時、弾丸を1消費<br> 2d5 ：的中時、充電3を得る	刺激圧縮筋力	貫通：憤怒<br> 使用時：充電が5以上なら充電を5消費し次のRにクイック2を得 る <br>2d10 ：銃撃。的中時、弾丸を1消費<br> 2d10 ：銃撃。的中時、弾丸を1消費<br> 5d2 ：的中時、[破裂爆発]。破裂を3消費	集中射撃	貫通：暴食 <br>速度が7以上ならスキルd値+1 <br>3d5 ：銃撃。的中時、弾丸を1消費し次のRに破裂2を付与 <br>3d5 ：銃撃。的中時、弾丸を1消費し次のRに破裂2を付与<br> 3d5 ：銃撃。的中時、弾丸を1消費し次のRに破裂2を付与 <br>2d8	迅速制圧	貫通：嫉妬<br>速度が7以上ならスキルd値+1<br>6d2 ：銃撃。的中時、弾丸を1消費し脆弱1を付与<br>6d2 ：銃撃。的中時、弾丸を1消費し脆弱1を付与<br>2d9 ：的中時、破裂1を付与<br>2d9 ：的中時、破裂2を付与<br>2d9 ：的中時、破裂3を付与	なし	なし
63	R社第四群トナカイチームの人格	115	60	2d3	弱点	普通	抵抗	なし	脳波充電収束角	憂鬱 x3 共鳴	戦闘開始時、SAN が 15 減少。<br>憂鬱共鳴数 3 ごとに次の R にパワーを 1 得る	エネルギー凝集	防御：憂鬱 <br>使用時：充電3を得る<br> 7d2	精神加撃	打撃：嫉妬<br> 使用時：充電2を得る <br>3d4 ：的中時、充電2を得て沈潜1を付与 <br>3d4 ：的中時、充電2を得て沈潜1を付与	灼きつける	打撃：嫉妬 <br>使用時：充電7を得る<br> 7d2 ：的中時、沈潜3を付与	エネルギー強打	打撃：暴食 <br>使用時：自分のSANが50％以下ならダメージ量+3<br> 2d9 ：的中時、充電1を得て沈潜2を付与<br>2d9 ：的中時、充電1を得て沈潜2を付与<br>4d3	精神の鞭	打撃：憤怒<br>使用時：固定SANダメージ15を受けて充電を全て消費。充電が10未満で使用したなら敵味方識別不可になる<br>5d4 ：的中時、固定SANダメージ5を与える<br>5d4 ：的中時、固定SANダメージ5を与える <br>5d3 ：的中時、固定SANダメージ5を与える<br>5d2 ：的中時、固定SANダメージ5を与える	なし	なし
64	R社第四群サイチームの人格	135	45	1d5	抵抗	弱点	普通	なし	硬化外皮	嫉妬 x3 共鳴	R 終了時、次の R に充電 5 ごとに保護 1 を得る（最大 3）	生体電流感応	防御：嫉妬<br> 戦闘開始時：自分の充電の数だけバリアを得る<br> 8d2	重い衝突	打撃：嫉妬 <br>自分の充電が10以上ならスキル威力+1 <br>使用時：充電2を得る<br> 5d2+1 ：的中時、充電2を得る	機動訓練	打撃：憤怒<br> 戦闘開始時：自分の充電3ごとに次のRに挑発値1を得る<br> 2d6+4 ：的中時、充電1を得る <br>2d6+4 ：的中時、充電1を得る	壊す	斬撃：憂鬱 <br>自分の充電が10以上ならこのスキルの出血付与数+1 <br>使用時：充電3を得る<br> 2d8<br> 2d8 ：的中時、次のRに出血1を付与 <br>2d10 ：的中時、次のRに出血1を付与	サイの突進	斬撃：色欲<br>使用時：充電が10以上ならスキル威力+2<br>7d2 ：的中時、次のRに出血1を付与。充電を2消費し、追加で1 付与。充電を3消費し、追加で1付与<br>7d2 ：的中時、次のRに出血1を付与。充電を2消費し、追加で1 付与。充電を3消費し、追加で1付与<br>5d2+2	なし	なし
65	T社3級徴収職員の人格	125	50	2d2	抵抗	弱点	普通	なし	ゴールデンタイムⅡ	怠惰x5 保有	常時発動：舞台開始時、時間貸与3 を得る<br>R 終了時にHP が最大HP の10~20%なら、体力を最大値の80%まで回復し、混乱状態を解除（最大1 回）	時間貸与	防御：怠惰<br>戦闘開始時：時間貸与状態でなければ時間貸与3 を得る<br>2d10	徴収準備	打撃：憤怒<br>使用時：振動4 を得る<br>2d9+1 ：的中時、対象の振動が3 以上なら振動3 を付与。<br>過半数的中時、振動3 を得る	T 社製時間捕縛機	貫通：色欲<br>使用時：振動2 を得る<br>4d3 ：的中時、自分の振動を2 消費し次のR に麻痺1 振動2 を付与<br>4d3 ：的中時、自分の振動を2 消費し次のR に麻痺1 振動2 を付与	そのまま止まってください。	貫通：怠惰<br>使用時：自分の振動が5 以上ならマッチ威力+1<br>マッチ勝利時：自分の振動を2 消費し、時間貸与1 を得る<br>2d7+3<br>2d7+3 ：的中時、自分の振動を2 消費し、次のR にマッチ威力減少1 を付与。自分の振動が5 以上なら、振動-鎖へ[振幅変換]	強制徴収を執行します。	貫通：憤怒<br>使用時：対象の振動4 につきスキル威力+1（最大3）<br>4d2+1 ：的中時、自分の振動を1 消費し脆弱1 を付与<br>4d2+1 ：的中時、自分の振動を1 消費し振動2 を付与<br>4d3 ：的中時、自分の振動を2 消費し振動5 を付与<br>4d4 ：的中時、自分の振動を2 消費し[振動爆発]。振動を8 消費。与えた振動ダメージが10 以上ならこのダイスを再使用（最大1回）。再使用的中時、時間猶予1 を付与	なし	なし
66	T社 2級徴収職職員の人格	120	50	1d6	抵抗	弱点	普通	なし	ゴールデンタイムⅠ	怠惰 x4 保有	HP が 30 以下かつ 5 以上なら HP を 80％まで回復して混乱状態解除（最大 1 回）	時間貸与	防御：怠惰<br> 戦闘開始時：時間貸与状態でなければ時間貸与3を得る<br> 2d10	徴収検問	打撃：憤怒<br> 使用時：振動4を得る <br>2d8 ：的中時、振動2を付与 <br>2d8 ：的中時、振動2を付与	そこに止まるようお願いします。	打撃：色欲 <br>自分の振動が6以上ならマッチd値+1<br> 使用時：振動4を得る <br>4d3 ：的中時、次のRに束縛1を付与。自分の振動が6以上なら追 加で振動4を付与<br> 4d3 ：的中時、次のRに束縛1を付与。自分の振動が6以上なら追加で振動4を付与	T社式制圧格闘	打撃：嫉妬<br> 対象の振動2ごとにダメージ量+1（最大3） <br>使用時：自分の振動が8以上ならマッチ威力+1。自分の振動が15 以上なら次のRにクイック3を得る<br> 2d9 <br>3d7 ：的中時、振動3を付与。自分の振動が6以上なら追加で束縛 2を付与	強制徴収を執行します。	打撃：怠惰<br>自分の振動5ごとにマッチ威力+1（最大2）<br>使用時：自分の振動3ごとにダメージ量+1（最大5)<br>攻撃後：自分の振動を全て消費<br>2d9+1 ：的中時、対象の振動が8以上なら次のRに束縛1を付与<br>2d9+1 ：的中時、対象の振動が8以上なら次のRに束縛1を付与<br>2d9+1 ：的中時、対象の振動が8以上なら次のRに束縛1を付与<br>2d9+1 ：的中時、自分の振動が4以上なら[振動爆発]。振動を2減少。対象の振動が15以上なら振動-鎖に[振幅変換]し時間猶予1を付与	なし	時間貸与 最大3 バフ<br>R終了時<br>次のRにクイック、マッチ威力増加、脆弱（時間貸与の数-1）を得る <br>数値が1なら、R終了時効果の代わりに次のRにて束縛2を得る<br>R開始時、1減少<br>所持しているクイックの数より束縛の数の方が多い場合、時間貸与が消滅して混乱状態になる<br>時間猶予 最大999 デバフ<br>この効果がある間、あらゆる全てのダメージを受けず、 代わりにダメー ジ量だけ時間猶予の数値が増加<br>時間猶予が付与されてから3R経過した時、または時間猶予を再度付与された時、またはストックが999になった時、時間猶予の数x1.5だけ怠惰ダメージを受け、時間猶予の数だけ振動爆発ダメージを受け、消滅
67	W社 2級整理要員の人格	110	50	2d3	普通	抵抗	弱点	なし	次元切断	嫉妬 x5 保有	攻撃的中時、（自分の充電の数）%の確率で固定ダメージ5を与える	プラズマ展開	防御：傲慢<br> 戦闘開始時：充電力場3を得る <br>8d2	エネルギー循環	貫通：傲慢 <br>使用時：充電4を得る<br> 2d7 ：的中時、充電1を得る <br>2d7 ：的中時、充電1を得る	整理支援	貫通：嫉妬<br> 使用時：自分の充電が10以上なら次のRに充電力場3を得る <br>6d2+1 ：的中時、破裂2を付与 <br>6d2+2 ：的中時、充電2を得る	エネルギー交流	貫通：憤怒<br> 自分の充電8以上ならスキル威力+1 <br>3d4 ：的中時、[破裂爆発]。破裂を2消費<br> 3d4 ：的中時、[破裂爆発]。破裂を2消費<br> 2d7 ：的中時、充電を3消費し、貫通脆弱2を付与	充電力場展開	打撃：暴食<br>戦闘開始時：自分の充電が10以上なら充電を全て消費し、自分を含む現HPが最も低い味方2名に充電力場5を付与<br>5d2<br>5d2<br>7d2 ：的中時、破裂2を付与	なし	なし
68	W社 3級整理要員の人格	120	50	4d2	普通	抵抗	弱点	なし	急速充電	憂鬱 x3 共鳴	戦闘開始時、現在の憂鬱共鳴数だけ充電を得る	回避	回避：憂鬱<br> 8d2 ：回避成功時、充電1を得る	次元を裂く	斬撃：怠惰<br> 使用時：充電2を得る <br>2d7+2 ：的中時、破裂2を付与。出目が7以上なら充電4を得る	量子跳躍	貫通：憂鬱<br> 自分の充電が10以上ならスキル威力+1 <br>4d2 ：的中時、充電3を得る<br> 4d2 ：的中時、充電3を得る <br>2d8 ：的中時、破裂4を付与	エネルギー循環	貫通：色欲<br> 使用時：充電を4消費して破裂付与数+3<br> 2d9 ：的中時、[破裂爆発]。破裂を4消費 <br>2d9 ：的中時、破裂1を付与	空間切断	斬撃：嫉妬<br> 使用時：充電をすべて消費する。充電の消費量が10以上ならスキ ル威力+5、10未満なら30HPダメージを受ける<br> 2d5<br> 2d5 <br>2d5<br> 2d5<br> 2d5 ：的中時 脆弱3を付与し[破裂爆発]。破裂を3消費	なし	なし
69	ロボトミーE.G.O:狐雨の人格	130	45	1d7	抵抗	普通	弱点	なし	泪の雨	嫉妬 x3 保有	R 開始時、沈潜の数だけ保護を得る（最大 5） 被ダメージ時に次の R にてダメージ量増加 1 を得る（1R に 3 回）	警告	貫通反撃：憤怒<br> 15-2d6<br> 15-2d6 的中時、沈潜5を付与	ひりつく心	打撃：嫉妬 <br>使用時：沈潜3を得る<br> 10-1d8<br> 10-1d8 ：的中時、沈潜2を付与	棘の生えた追憶	打撃：暴食 <br>マッチ勝利時：SANを8回復<br> 14-1d10 ：的中時、沈潜2を付与 <br>14-1d10 ：的中時、沈潜2を付与	泥濘踏み	打撃：憂鬱 <br>使用時：自分のSANが50％以下ならスキル威力+3<br> 15-1d12 ：的中時、破裂1を付与 <br>15-1d12 ：的中時、破裂1を付与 <br>15-1d12 ：的中時、破裂1を付与 <br>15-1d12 ：的中時、[破裂爆発]。破裂を5消費	拡がれ！	貫通：怠惰<br> 使用時：沈潜8を得る<br> 21-1d17 ：的中時、沈潜4を付与 <br>21-1d17 <br>21-1d17 ：的中時、[沈潜殺到]	なし	なし
70	ロボトミーE.G.O:紅籍の人格	120	55	1d6	抵抗	普通	弱点	なし	絡みつく呪いの札	暴食 x2 共鳴	破裂爆発時に対象に次の R にて麻痺 3 を付与	札の壁	防御：暴食 <br>使用時：呪いの札2を得る<br> 8d2	傷口浮彫	打撃：暴食 <br>使用時：呪いの札1を得る<br> 2d7 <br>2d3 ：的中時 破裂2を付与	増殖するお札	打撃：傲慢<br> 使用時：呪いの札3を得る <br>2d7 ：的中時 破裂2を付与 <br>2d7 ：的中時 破裂2を付与 <br>3d7 ：的中時 破裂2を付与	縛り付ける呪いの札	打撃：怠惰 <br>1d9+10 ：的中時、呪いの札2を得る。最大値的中時、対象に束縛4と虚弱3を付与	破裂符	貫通：色欲<br> 5d2+2 ：的中時、自分の呪いの札が9以上なら、自分の呪いの札を対象に全て押し付ける <br>7d2 ：的中時、[破裂爆発]	なし	なし
71	ロボトミーE.G.O:たぷつきの人格	130	40	2d2	抵抗	弱点	普通	なし	満ちる液体	暴食 x3 保有	常時発動 保有している高揚が 5 以上のとき、酔いに変換<br> 効果 攻撃スキルでダメージを与えられなかった場合、次の R にバリア 15 を得る	液体塞ぎ	防御：暴食<br>使用時：酔いが消滅する<br>8d2<br>2d6	制圧液体	打撃：暴食<br>マッチ敗北時：振動3 と破裂1 を付与<br>2d7 ：的中時、振動3 を付与	爆発する液体	打撃：怠惰<br>使用時：高揚1 を得る<br>マッチ敗北時：振動1 と破裂3 を付与<br>6d2+3 ：的中時、[振動爆発]。振動を4 消費	揺れる液体	打撃：憂鬱<br>使用時：高揚を1 得る<br>マッチ敗北時：振動2 と破裂2 を付与<br>5d2 ：的中時、振動2 を付与<br>5d2 ：的中時、振動2 を付与	腐食性粘液打撃	打撃：暴食<br>使用時：高揚1 を得る<br>マッチ敗北時：振動4 と破裂4 を付与<br>2d10+5 ：的中時、[振動爆発] [破裂爆発]。振動と破裂を6 消費	なし	高揚 最大10 バフ<br>R 開始時、数値だけダメージ量増加1 を得る（最大5）<br>酔いを持っている限り高揚は消滅し、得ることができない。<br>酔い 最大10 デバフ<br>数値だけ被ダメージ量が減少<br>麻痺を数値だけ持ち越す
72	ロボトミーE.G.O:提灯の人格	125	48	1d5	普通	抵抗	弱点	なし	ガツガツむしゃむしゃ	暴食 x3 保有	自分に挑発値があるならマッチ威力+1	カチカチ鳴る歯	防御：暴食<br>使用時：対象の破裂が6 以上ならスキル威力+3<br>8d2<br>2d6	かみ砕く	斬撃：暴食<br>使用時：次のR に挑発値4 を得る<br>2d7 ：的中時、破裂3 を付与	発光擬餌	斬撃：色欲<br>使用時：次のR に挑発値6 を得る<br>3d5 ：的中時、破裂1 を付与<br>2d8 ：的中時、破裂1 を付与<br>2d8 ：的中時、破裂1 を付与。対象の破裂が4以下なら追加で3付与	ぐるぐるムシャムシャ	貫通：憂鬱<br>使用時：次のR に挑発値8 を得る<br>2d6 ：的中時、破裂3 を付与<br>2d7<br>2d7 ：的中時、HP を10 回復。自分のHP が50％未満ならこのダイスを再使用（最大1 回）	捕食	貫通：暴食<br>使用時：SAN を20 減少（混乱にはならない）、自分が士気低下状態なら敵味方識別不可になる<br>2d7 ：的中時、破裂3を付与。HPを4+挑発値だけ回復<br>2d7 ：的中時、破裂3を付与。HP を4+挑発値だけ回復<br>2d7 ：的中時、破裂3を付与。HPを4+挑発値だけ回復<br>2d9 ：的中時、[破裂爆発]。破裂を7 消費	なし	なし
73	ロボトミーE.G.O:後悔の人格	110	50	1d4+1	普通	抵抗	弱点	なし	押し流された後悔	憤怒 x6 保有	マッチ進行時、対象の保有したデバフが 3 つ以上なら対象のマッチ威力-1	積もらせるわだかまり	打撃反撃：憂鬱<br>使用時：振動5 を得る<br>2d6<br>2d5	締め付ける拘束具	打撃：怠惰<br>使用時：振動3 を得る<br>マッチ敗北時：振動3 を得る<br>2d8 ：的中時、振動2 を得て振動3 を付与	縛られた怒り	打撃：憂鬱<br>対象の振動が6 以上ならマッチ威力+1<br>2d9 ：的中時、振動2 を得る<br>2d9 ：的中時、次のR に打撃威力増加1 を得る	金属の響き	打撃：傲慢<br>戦闘開始時：自分の振動を5 消費し広域指定人数1 増加（最大1）<br>使用時：振動3 を得る<br>2d7 ：的中時、次のR にダメージ量減少1 を付与<br>2d9<br>2d9 ：的中時、振動5 と麻痺1 を付与	解かれた暴力性	打撃：憤怒<br>戦闘開始時：自分の振動を5 消費し広域指定人数1 増加（最大2）<br>使用時：SAN を20 減少（混乱にはならない）<br>自分が士気低下状態なら敵味方識別不可になる<br>2d10 ：的中時、[振動爆発]<br>2d10 ：的中時、[振動爆発]<br>2d10 ：的中時、[振動爆発]。振動を5 消費	なし	なし
74	ロボトミーE.G.O:魔弾の人格	120	50	1d6	普通	抵抗	弱点	なし	射手のパイプ	傲慢 x3 保有	常時発動 魔弾が 0 の状態で舞台開始<br> 効果 攻撃前、対象に黒炎状態なら火傷の数だけ呼吸を得る	魔弾の対価	防御：傲慢<br>使用時：魔弾1 を得る<br>8d2	着火	打撃：憤怒<br>2d8 ：的中時、次のR に黒炎1 を付与<br>2d6 ：的中時、対象の黒炎の数だけ火傷を付与	黒化	打撃：嫉妬<br>マッチ勝利時：対象の耐性がこのR の間逆転する<br>4d5 ：的中時、火傷3を付与	魔弾起爆	打撃：傲慢<br>2d9 ：的中時、魔弾が4 未満なら魔弾1 を得て、次のR に魔弾の数だけ黒炎を付与<br>2d10 ：的中時、対象の黒炎の数だけ火傷を付与	魔弾射撃	貫通：傲慢<br>攻撃前：魔弾1 を得る<br>使用時：魔弾の数x5 だけSAN を減少、自分が士気低下状態に陥った場合このスキルは敵味方識別不可になる。<br>現在の魔弾の数-1 だけ広域指定人数増加（最大7）<br>攻撃後：魔弾の数が7 なら0 にする<br>15+1d4 ：的中時、魔弾の数だけ黒炎を付与	なし	魔弾 最大7 中立バフ<br>特定スキル使用によって数値が変動<br>黒炎 最大7 デバフ<br>R 終了時、（数値x 自分の火傷）だけ傲慢ダメージを受け、消滅
75	ロボトミーE.G.O:厳粛な哀悼の人格	112	50	2d3	弱点	抵抗	普通	20	救いの手	傲慢 x3 保有	常時発動 自分の弾丸を生きた蝶・死んだ蝶へと[弾倉変換] <br>効果 再装填時、次の R にクイック 1 を得る	棺より蝶が飛び来む	防御：傲慢<br>戦闘開始時：[再装填]<br>2d5	静けさ	貫通：傲慢<br>マッチ勝利時：沈潜2 を付与<br>2d7 ：銃撃。的中時、弾丸を1 消費し蝶1 を付与<br>2d7 ：銃撃。的中時、弾丸を1 消費し蝶1 を付与	導く手	打撃：色欲<br>対象が混乱状態ならダメージ量+5<br>4d4 ：銃撃。的中時、弾丸を2 消費<br>3d4 ：銃撃。的中時、弾丸を2 消費<br>2d6 ：銃撃。的中時、弾丸を2 消費	安楽の中へ	貫通：憂鬱<br>自分の弾丸が10 以上ならマッチ威力+1<br>マッチ勝利時：沈潜3 を付与<br>攻撃後：憂鬱共鳴4 以上なら[再装填]<br>5d3 ：銃撃。的中時、弾丸を5 消費し蝶5 を付与<br>2d9 ：銃撃。的中時、弾丸を1 消費し蝶1 を付与	厳粛な哀悼	貫通：怠惰<br>自分の弾丸5 ごとにスキル威力+1（最大4）<br>マッチ勝利時：沈潜4 を付与<br>攻撃後：[再装填]<br>2d8 ：銃撃。的中時、弾丸を1 消費し蝶1 を付与<br>2d8 ：銃撃。的中時、弾丸を6 消費し蝶6 を付与<br>2d8 ：銃撃。的中時、弾丸を全て消費し、消費した数だけ蝶を付与<br>3d4 ：的中時、対象の蝶の数だけ沈潜ダメージを与える	なし	生きた蝶・死んだ蝶<br>自分の最大弾丸数を2 つに分割し生きた蝶・死んだ蝶にする<br>銃撃時、1d2 を振り、1 なら生きた蝶を、2 なら死んだ蝶を消費する<br>消費することで特定戦術の能力が向上<br>生きた蝶<br>消費時、 SAN を1 回復<br>死んだ蝶<br>消費時、対象のSAN を1 減少<br>蝶 最大15 デバフ<br>[1R] 生きた蝶・死んだ蝶の効果で消費された方の蝶が付与される。<br>生きた蝶<br>被ダメージ時、攻撃者のSAN を(生きた蝶/4)だけ回復(最低1)<br>R 終了時、次のR にて数値分死んだ蝶を得る<br>死んだ蝶<br>被ダメージ時、SANが0または無いなら、死んだ蝶につき(沈潜/5)だけ憂鬱ダメージを受ける(最大15)
76	ロボトミーE.G.O:涙で研ぎ澄まされた剣の人格	125	50	1d7	普通	抵抗	弱点	なし	壊し、引き裂き、貫く	傲慢 x3 保有	戦闘開始時、ランダムな自分以外の味方 1 名に加護 1を付与し自分は守る剣 1を得る。<br>自分が士気低下状態または混乱状態なら、代わりにランダムな自分以外の味方 1 名に絶望 1を付与し、自分は貫く剣 1を得る。	騎士の信条	マッチ可能防御：憂鬱<br>戦闘開始時：自分が守る剣状態ならバリア15 を得る。自分が貫く剣状態なら次のR にダメージ量増加3 を得る<br>2d10	色褪せた信条	貫通：憂鬱<br>使用時：自分が守る剣状態ならマッチ威力+1<br>2d8 ：的中時、沈潜2 を付与<br>2d8 ：的中時、沈潜1 を付与。自分が貫く剣状態ならこのダイスを再使用（最大1 回）	悲痛の宿る剣	貫通：傲慢<br>使用時：自分が守る剣状態ならダメージ量減少3 と保護2 を得る<br>2d10 ：的中時、自分が貫く剣状態な固定ダメージ7を与える<br>2d10 ：的中時、自分が貫く剣状態なら固定ダメージ7を与える	涙で研ぎ澄まされた剣で	貫通：嫉妬<br>対象の沈潜6 ごとにスキル威力+1（最大2）<br>使用時：自分が守る剣状態なら沈潜付与量+1<br>5d2+1 ：的中時、沈潜1 を付与<br>5d2+2 ：的中時、沈潜1 を付与<br>5d2+2 ：的中時、沈潜1 を付与。自分が貫く剣状態なら[沈潜殺到]	アルカナ・ピアース	貫通：傲慢<br>対象の沈潜6 ごとにスキル威力+1（最大2）<br>使用時：自分が守る剣状態ならマッチ威力+2。貫く剣状態ならスキルd 数-1<br>攻撃後：自分のSAN が25 減少。自分が守る剣状態ならスキル1 で対象を1 度だけ攻撃<br>22-2d10 ：的中時、沈潜3 を付与<br>22-2d10 ：的中時、沈潜2 を付与<br>22-2d10 ：的中時、沈潜1 を付与。自分が貫く剣状態ならこのダイスを再使用（最大1 回）	なし	加護 最大1 バフ<br>[1R] マッチ終了時、対象に沈潜2 を付与<br>被ダメージ時、攻撃対象に沈潜1 を付与（1R に6 回）<br>守る剣 最大1 バフ<br>[1R] 戦闘開始時、経過R 数x2 だけ挑発値を得て、保護2 を得る<br>絶望 最大1 バフ<br>[1R] マッチ終了時、対象に次のR に恐慌3 を付与<br>被ダメージ時、攻撃対象に次のR にて恐慌1 を付与（1R に6 回）<br>貫く剣 最大1 バフ<br>[1R] マッチ勝利時、全ダイスに「的中時、固定ダメージ2を与える」を付与
77	ロボトミーE.G.O:愛と憎悪の名の下にの人格	110	50	3d2	弱点	普通	抵抗	なし	マジカルパワー	嫉妬 x4 保有	戦闘開始時、マジカル・アルカナ 1 を得る。<br>自分の SAN が士気低下状態または混乱状態ならマジカル・アルカナを得ずにヒステリーを 1 得る	短期詠唱	マッチ可能防御：嫉妬<br>使用時：ヒステリー状態ならスキル威力+3<br>2d10	愛で！	打撃：憤怒<br>使用時：愛と憎悪4 を得る<br>2d8 ：的中時、愛と憎悪1 を得る<br>2d8 ：的中時、対象が味方なら対象のHP を2 回復	正義の名の下に！	打撃：傲慢<br>使用時：愛と憎悪4 ごとにダメージ量+1（最大3）<br>4d4 ：的中時、[破裂爆発]。破裂を3 消費<br>3d5 ：的中時、対象が味方ならHP を2 回復	アルカナ・ビート	打撃：嫉妬<br>自分のマジカル・アルカナ1 ごとにダメージ量+2<br>使用時：自分の愛と憎悪が15 以上ならダメージ量+4<br>攻撃後：マジカル・アルカナ1 を得る<br>4d3 ：破壊不能ダイス<br>4d3 ：破壊不能ダイス<br>2d10 ：破壊不能ダイス	リバースド・ビート	打撃：嫉妬<br>広域：対象2体<br>このスキルはヒステリー状態でないなら戦術選択ダイスロールから除外される<br>自分のヒステリー1 ごとにダメージ量+3<br>使用時：自分の愛と憎悪が15 以上ならダメージ量+6<br>マッチ敗北時：スキル威力-15<br>攻撃後：愛と憎悪を全て消費。SAN を全回復<br>20-3d4 ：破壊不能ダイス<br>20-3d4 ：破壊不能ダイス<br>20-3d4 ：破壊不能ダイス。破壊されず的中時、[破裂爆発]。破裂を3 消費	なし	マジカル・アルカナ 最大3 中立バフ<br>攻撃的中時、破裂を数値-1 だけ付与<br>R 終了時、数値が3 ならSAN を25％まで減少し消滅<br>ヒステリー 最大3 中立バフ<br>[敵味方識別不可]になり全ての攻撃スキルが[広域乱射]になる<br>味方に攻撃する時、ダメージ量-5<br>攻撃的中時、破裂を数値-1 だけ付与<br>R 終了時、SAN が最大なら消滅<br>愛と憎悪 最大20 バフ<br>特定スキルの能力が上昇
78	LCE E.G.O:提灯の人格	125	50	1d3+3	弱点	普通	抵抗	なし	妖精の粉	暴食 x3 保有	死亡時、自分を最後に攻撃した対象へ破裂 10 を付与し、最も少ない属性の大罪資源 4 種を 2 つずつ得る。<br>攻撃者が居ない場合、破裂が最も少ない敵 1 名に破裂 10 を付与	好餌	貫通反撃：暴食<br>戦闘開始時：好餌妖精3 を得る<br>使用時：次のR に挑発値8 を得る<br>2d10 ：的中時、破裂3 を付与	拡散する根	打撃：傲慢<br>使用時：次のR に挑発値2 を得る<br>19-3d6 ：的中時、破裂4 を付与しHP を1~8 回復	蚕食する幹	打撃：怠惰<br>使用時：次のR に挑発値4 を得る<br>マッチ敗北時：このスキルで付与する破裂付与数+1<br>2d9 ：破壊不能ダイス。的中時、破裂1 を付与<br>2d9 ：破壊不能ダイス。的中時、破裂1 を付与	先立つ好餌	貫通：嫉妬<br>使用時：次のR に挑発値6 を得る<br>マッチ敗北時：このスキルで付与する破裂付与数+2<br>8d2：破壊不能ダイス。的中時、破裂3を付与	露わになった深淵	打撃：暴食<br>自分の失ったHP10 ごとに、与えるダメージ量が1 増加<br>使用時：好餌妖精3 を得て次のR に挑発値8 を得る<br>攻撃後：自分の失ったHP3 ごとにSAN を1 回復（最大30）<br>16-1d15 ：的中時、次のR に束縛2 を付与<br>16-1d15 ：的中時、破裂1 を付与<br>16-1d15 ：的中時、[破裂爆発]。破裂を3 消費	なし	好餌妖精 最大5 バフ<br>挑発値の上限を20 にする<br>R 開始時、挑発値を10 得る。自分が受けるダメージ量+5<br>被ダメージ時、対象へ破裂1 を付与、自分のHP が50％未満なら追加で破裂1 を付与<br>R 終了時に1 減少
79	LCE E.G.O:紅炎殺の人格	129	50	4d2	弱点	普通	抵抗	なし	火取蛾	憤怒 x3 保有	戦闘開始時、自分の失った HP が 30 以上かつ火傷が 8 未満なら火傷 4 を得る。<br>R 終了時、自分の火傷が 7 以上ならダメージ量増加 3 を得る	感応度共鳴	回避：憤怒<br>使用時：自分の火傷が7 以上なら火傷を5 減少<br>8d2 ：回避成功時、自分の火傷を2 減少	着火	打撃：怠惰<br>使用時：自分の火傷が8 以上ならこのスキルのダメージ量+2<br>6d2 ：的中時、火傷2 を付与し火傷4 を得る<br>4d3+2 ：的中時、自分の火傷が8 以上なら火傷4 を付与。火傷2 を得る	残熱	打撃：憤怒<br>戦闘開始時：両隣の味方に自分の火傷の数だけ火傷を付与<br>使用時：自分の火傷が8 以上ならスキル威力+3<br>2d10 ：マッチ勝利的中時、互いに火傷3 を付与<br>2d9+3 ：的中時、火傷3 を付与	E.G.O 紅炎殺	打撃：傲慢<br>戦闘開始時：両隣の味方に自分の火傷の数+1 だけ火傷を付与<br>使用時：自分の火傷が8 以上ならこのスキルのダメージ量と威力+1<br>4d3+1 ：的中時、火傷2 を付与<br>4d3+2 ：的中時、火傷2 を付与<br>5d2+2 ：破壊不能ダイス。的中時、対象の火傷が10 以上なら[葬炎]	火に思い焦がれて	打撃：憤怒<br>戦闘開始時：両隣の味方に自分の火傷の数+2 だけ火傷を付与<br>使用前：自分の火傷が15 以上ならこのスキルを「紅炎殺 最大感応【劣化侵蝕】」として発動<br>打撃：憤怒<br>使用時：自分の火傷が8 以上ならこのスキルのダメージ量と威力+2<br>2d10 ：的中時、火傷2 を付与<br>2d10 ：的中時、火傷2 を付与<br>2d10	紅炎殺 最大感応【劣化侵蝕】<br>打撃：憤怒<br>攻撃後：死亡する<br>使用前：自分の失ったHP10 ごとに広域指定人数+1（最大3）<br>使用時：このスキルを使用している間にHP が1 になった場合このR の間HP が1 以下にならない。自分の火傷10 ごとに、スキルのダメージと威力+1（最大6）<br>5d4 ：破壊不能ダイス。的中時、火傷2 を付与<br>5d4 ：破壊不能ダイス。的中時、火傷2 を付与<br>5d5 ：破壊不能ダイス。的中時、対象の火傷が8 以上なら[葬炎]	なし
80	N社 E.G.O:ねばつきの人格	124	55	1d8	弱点	抵抗	普通	なし	旨い肉片	暴食 x3 保有	HP が 50％以下の時、出血を持つ敵へ攻撃的中時、対象の出血 1 ごとに HP を 1 回復（最大 10、戦闘ごとに 1 回発動）	差し込める陰	防御：暴食<br>使用時：対象に麻痺1 を付与<br>10+1d6	傷口穿ち	打撃：色欲<br>4d3<br> 4d3 ：的中時、次のR に出血2 を付与	消化	打撃反撃：傲慢<br>5d4 ：的中時、対象の出血1 ごとにHPを2 回復。対象の出血を除去	傷を舐める	打撃：色欲<br>使用時：対象が出血状態なら次のR に束縛1 を付与<br>2d11 ：的中時、出血3 を付与	肉片を引きちぎる	打撃：暴食<br>使用時：対象の出血が3 以上ならマッチ威力+1<br>5d2+2 ：的中時、次のR に出血1 を付与<br>5d2+2<br>5d2+3 ：的中時、次のR にクイック1 を得る	なし	なし
81	N社 E.G.O:凶弾の人格	110	55	1d7+1	普通	抵抗	弱点	なし	躍進	傲慢 x2 保有	敵討伐時、呼吸 7 を得る	再装填射撃	貫通反撃：色欲<br>使用時：呼吸5 ごとにスキル威力+1（最大3）<br>8d2 ：クリティカル的中時、このダイスを再使用（最大1 回）	前方射撃	貫通：憤怒<br>使用時：引き裂かれた追憶2 と呼吸3 を得る<br>14-1d10 ：的中時、沈潜2 を付与。クリティカルダメージ量+3	後方射撃	貫通：色欲<br>対象の沈潜が6 以上ならスキル威力+2<br>使用時：呼吸5 を得る<br>14-1d9 ：クリティカル的中時、引き裂かれた追憶1 を得る。クリティカルダメージ量+5	割られ、分かれたる弾丸	貫通：傲慢<br>広域：対象2 体<br>自分が士気低下状態または混乱状態なら敵味方識別不可になる<br>使用時：呼吸3 を得る<br>15-1d7 ：このダイスはメインターゲットのみダメージを与える。敵討伐時、次のダイスのダメージ量+15<br>15-1d7 ：このダイスはサブターゲットのみダメージを与える。クリティカルダメージ量+7。的中時、沈潜4 を付与	追憶を砕く弾丸	貫通：傲慢<br>広域：対象5 体[広域乱射]<br>自分の引き裂かれた追憶1 ごとにダメージ量+1<br>使用時：自分が士気低下状態または混乱状態なら敵味方識別不可になる<br>攻撃後：引き裂かれた追憶を全て消費<br>18-1d12：的中時、自分のSAN が5 減少し沈潜3 を付与<br>18-1d12 ：的中時、自分のSAN が5 減少し沈潜3 を付与<br>18-1d12 ：的中時、自分のSAN が5 減少し沈潜3 を付与<br>18-1d12 ：的中時、自分のSAN が5 減少し沈潜3 を付与	なし	引き裂かれた追憶 最大7<br>バフ数値2 ごとにクリティカルダメージ量+1（最大3）
82	N社 E.G.O:軽蔑、畏敬の人格	120	50	1d6+2	普通	普通	普通	なし	付け加えられた軽蔑	色欲 x7 保有	攻撃的中時、視線 1 を付与（1R に 2 回）。<br>被ダメージ時、攻撃者に視線 1 を付与（1R に 4 回）	螺旋型曲場	防御：色欲<br>戦闘開始時：両隣の味方のSAN を10 減少させバリア10 を付与<br>8d2	軽蔑	貫通：色欲<br>対象の視線が3 以上ならこのスキルで付与するデバフ量が2 倍になる<br>2d9 ：的中時、出血2 を付与<br>2d9 ：的中時、出血3 を付与	畏敬	打撃：怠惰<br>使用時：対象の出血が6 以上ならスキル威力+1<br>7d2：的中時、次のR に脆弱2 を付与<br>7d2+2 ：的中時、次のR に出血3 とダメージ量減少1 を付与	軽蔑、畏敬【潜在解放】	貫通：色欲<br>3d4+2 ：的中時、脆弱1 を付与<br>3d4+2 ：的中時、固定SAN ダメージ10を与える<br>4d4 ：破壊不能ダイス。対象の視線x5 だけ固定SAN ダメージを与え対象の視線を除去	全てを軽蔑せん	貫通：憤怒<br>攻撃前：視線が4 以上の敵の数だけ広域指定人数増加（最大4）<br>1d14+6 ：的中時、対象の視線が4 以下なら視線1 を付与	なし	視線 最大7 中立バフ<br>与えるダメージと受けるダメージが視線2 ごとに+1（最大3）<br>数値が7になると消滅し、軽蔑1を得る<br>軽蔑 最大1 デバフ<br>R 終了時、次のR にダメージ量減少3を得て消滅
83	群れたハイエナの人格	90	50	1d6+1	弱点	普通	抵抗	なし	浮浪者の集まり	暴食 x2 保有	群れたハイエナ所属の他の味方 1 名ごとに嫉妬ダメージ量増加 1 を得る（最大 4）	行動把握	回避：暴食<br>2d7	死角からの攻撃	斬撃：傲慢<br>一方攻撃時：対象の出血3 ごとにスキルd 値+1（最大5）<br>1d6 ：的中時 次のR に出血1 を付与<br>1d6 ：的中時 次のR に出血1 を付与<br>1d6 ：的中時 次のR に出血1 を付与	数で押せ	斬撃：嫉妬<br>使用時：群れたハイエナ所属の他の味方1 名ごとにスキル威力+1（最大5）<br>1d7 ：的中時 次のR に出血1 を付与<br>1d7 ：的中時 次のR に出血1 を付与<br>1d7 ：的中時 次のR に出血1 を付与<br>1d7 ：的中時 次のR に出血1 を付与	強襲	斬撃：憤怒<br>使用時：群れたハイエナ所属の他の味方2 名ごとにスキルd 数+1（最大2）<br>1d6<br>1d6 ：的中時 次のR に出血2 を付与<br>1d6 ：的中時 次のR に出血2 を付与	群れの奇襲	斬撃：暴食<br>一方攻撃時：対象の出血3 ごとにスキルd 値+1（最大5）<br>1d9<br>1d9 ：的中時 次のR に出血2 を付与<br>1d9 ：的中時 次のR に出血2 を付与	なし	なし
84	ニトロ研究所研究員の人格	110	50	2d3	弱点	普通	抵抗	なし	エネルギー療法	怠惰 x3 共鳴	自分の SAN を 10 回復し、自分の充電の数 2 ごとに HP を 1 回復する	エネルギー展開	防御：怠惰<br>戦闘開始時：自分の充電を全て消費し、消費した充電5 ごとに混乱保護1 を得る<br>6d2<br>4d2	プラス電力	打撃：色欲<br>使用時：自分の充電を3 消費して充電6 を得る<br>2d8 ：的中時、充電3 を得る <br>2d5	量産エネルギー	打撃：怠惰<br>戦闘開始時：両隣の味方の充電を最大5 消費し、消費した充電x2だけ自分が充電を得る（最大10）<br>2d8 ：的中時、対象が麻痺状態なら充電1 を得る<br>2d8 ：的中時、対象が麻痺状態なら充電1 を得る<br>1d14 ：的中時、麻痺2 を付与	エネルギーの波	打撃：憂鬱<br>使用時：自分の充電を10 消費してスキル威力+2<br>攻撃後：充電を消費したなら後方の味方2 名に充電2 を付与<br>5d2<br>5d2+2 ：的中時、次のR に混乱保護2 を得る	電力転換	貫通：怠惰<br>戦闘開始時：自分の充電を4 消費して全ての味方にパワー1 と武装解除1 を付与<br>4d3 ：的中時、充電を5 ずつ消費し、消費した充電5 ごとに麻痺1を付与	なし	なし
85	白蓮 3流清掃員の人格	110	60	1d6	普通	弱点	抵抗	なし	白く染まる	嫉妬 x2 保有	敵討伐時、SAN を 20 回復	徹底的な白	回避：色欲<br>使用時：次のR にSAN 回復量増加2 を得る<br>5d3	清掃時間	打撃：暴食<br>2d9 ：的中時、SAN を5 回復<br>4d2 ：的中時、破裂1 を付与	白くあれ	打撃：憤怒<br>使用時：自分の現在SAN20 ごとに破裂付与数+1（最大3）<br>1d12+3 ：的中時、破裂4 を付与	室内清掃	貫通：色欲<br>使用時：自分のSAN が50％以下なら攻撃的中時にSAN を2 回復<br>2d7 ：的中時、破裂1 を付与<br>2d7 ：的中時、破裂1 を付与<br>2d9 ：的中時、[破裂爆発]。破裂を3 消費	白に染まれ	打撃：嫉妬<br>6d2<br>8d2 ：的中時、[破裂爆発]。破裂を5 消費。与えた破裂爆発ダメージ量だけSAN を回復（最大15）	なし	なし
86	白蓮 2流清掃員の人格	120	50	1d6	普通	弱点	抵抗	なし	白に染まる	嫉妬 x3 共鳴	SAN が最大の味方 1 名ごとに SAN を 2 回復	徹底的な白	回避：色欲<br>使用時：次のR にSAN 回復量増加2 を得る<br>5d3	清掃時間	貫通：暴食<br>5d2 ：的中時、対象の破裂5 ごとにSAN を1 回復（最大5）<br>5d2+2 ：的中時、対象の破裂5 ごとにSAN を1 回復（最大5）	白に染まれ	打撃：色欲<br>自分のSAN25 ごとに破裂付与量+1（最大2）<br>3d5 ：的中時、破裂1 を付与<br>3d5<br>2d7 ：的中時、破裂2 を付与	派遣清掃	打撃：傲慢<br>戦闘開始時：後方の味方1 名のSAN を5 回復<br>1d15+4 ：的中時、[破裂爆発]。破裂を5 消費	白く塗れ	打撃：嫉妬<br>戦闘開始時：自分のSAN が75％以上なら両隣の味方の最後のダイスに「的中時、[破裂爆発]。破裂を5 消費」を追加<br>8d2<br>8d2 ：的中時、[破裂爆発]。破裂を5 消費	なし	なし
87	鉄腕兄弟構成員の人格	120	55	1d5	抵抗	普通	弱点	なし	鋼精神	憤怒 x7 保有	受ける SAN ダメージ 4 減少	鋼肉体	打撃反撃：憤怒<br>使用時：次のR にて保護3 を得る<br>2d9	鋼の拳	打撃：暴食<br>使用時：憤怒保護1 を得る<br>2d7	鋼の防御	防御：怠惰<br>使用時：憤怒保護3 を得る<br>2d7<br>2d8<br>2d9	純鉄の蹴り	打撃：憂鬱<br>使用時：前のR に憤怒保護を得ていた場合スキル威力+2<br>5d2+2<br>2d10	爆発する腕	打撃：憤怒<br>使用時：現在の憤怒保護の数だけ火傷を得て、対象に同数の火傷を与える<br>8d2	なし	なし
88	湯の花運送会社員の人格	120	50	1d7	抵抗	弱点	普通	なし	沸騰	憤怒 x2 共鳴	常時発動 温度が 0 の状態で舞台開始 <br>効果 自分が火傷状態なら束縛 1 を得てダメージ量増加 3 を得る	回避	回避：怠惰<br>2d9 ：回避成功時、温度を1 上昇	お湯炊き	貫通：憤怒<br>使用時：温度が3 上昇<br>2d8 ：的中時、武装2 を得る<br>2d3 ：的中時、武装2 を得る	熱量蓄積	貫通：色欲<br>使用時：温度が5 上昇<br>5d3 ：的中時、火傷4 を付与<br>2d8 ：的中時、対象の火傷が8 以上なら火傷-炬火へと[烈火変換]	湯加減X°	打撃：嫉妬<br>温度が40 以上ならスキル威力+4<br>使用時：温度が8 上昇<br>3d6 ：的中時、火傷2 を付与<br>3d7 ：的中時、火傷2 を付与<br>3d7 ：的中時、対象の火傷が6 以上なら火傷4 を付与	熱湯オーバーヒート	打撃：暴食<br>戦闘開始時：自分の温度が10 ごとに火傷を1 得て全ての敵に火傷1 を付与<br>使用時：[武装解放]。温度が15 上昇<br>2d9 ：的中時、火傷4 を付与<br>2d10 ：的中時、対象の火傷が10 以上なら[葬炎]	なし	温度 最大99 バフ<br>R 開始時に5 得る<br>-温度が10 以上の時、火傷を付与するダイスのダメージ量+1-<br>-温度が20 以上の時、自分の火傷を火傷-鬼火に[烈火変換]-<br>-温度が30 以上の時、的中時に互いに火傷1 を付与-<br>-温度が40 以上の時、スキル効果による火傷付与量+1-<br>-温度が50 以上の時、的中時に互いに火傷2 を付与-<br>-温度が60 以上の時、R 開始時、火傷3 とパワー1 を得る-<br>-温度が70 以上の時、R 開始時、火傷5 を得る-<br>-温度が80 以上の時、R 開始時、烙印1 を得る-<br>-温度が90 以上の時、的中時に自分に[葬炎]-
89	ストレングス 処刑者の人格	130	45	4d2	抵抗	普通	弱点	なし	溢れ出る殺意	憤怒 x5 保有	SAN が 50％以下の出血状態の敵に与える SAN ダメージ量+4	反撃	<br>斬撃反撃：嫉妬<br>5d2<br>2d2<br>2d2	喧嘩上等	斬撃：暴食<br>2d9<br>2d7 ：的中時、次のR に出血4 を付与	ぶった斬る	斬撃：傲慢<br>マッチ勝利時：次のR にパワー1 を得る<br>6d2<br>7d2+2	天変地異	打撃：嫉妬<br>マッチ敗北時：次のR にパワー2 を得る<br>敵討伐時：全ての味方に次のR にパワー1 を付与<br>8d2+3<br>2d9+2 ：的中時、対象のSAN が25％以下なら固定SANダメージ10を与える	ギロチンタイム	斬撃：憤怒<br>対象の出血4 ごとにダメージ量+1（最大5）<br>攻撃後：このスキルを捨てる<br>2d10 ：的中時、出血4 を付与<br>2d10 ：的中時、麻痺4 を付与<br>2d10 ：的中時、対象のHP が10％以下なら対象を[破壊]（強敵には無効）	なし	なし
90	棒派構成員の人格	107	53	1d7	普通	弱点	抵抗	なし	棒派魂	嫉妬 x2 共鳴	攻撃的中時、固定ダメージ2を与える。<br>マッチ敗北時、破壊されたダイスの個数だけ固定ダメージを受ける	回避	回避：嫉妬<br>8d2	乱打	打撃：憂鬱<br>2d4 ：的中時、固定ダメージ2を与える<br>2d4 ：的中時、固定ダメージ2を与える<br>2d4 ：的中時、固定ダメージ2を与える<br>2d6 ：的中時、固定ダメージ2を与える	水引	打撃：傲慢<br>マッチ勝利時：次のR に対象にマッチ威力減少1 を付与<br>2d10 ：的中時、固定ダメージ4を与える<br>1d7+3	大打	打撃：暴食<br>戦闘開始時：このR の間、全ての味方の打撃スキルに[的中時、固定ダメージ1を与える]を付与<br>8d2+2<br>2d7	五輪砕き	打撃：嫉妬<br>マッチ勝利時：広域指定人数+1<br>7d2 ：的中時、次のR に虚弱1 を付与<br>2d6 ：的中時、固定ダメージ2を与える<br>2d6 ：的中時、固定ダメージ2を与える	なし	なし
91	ガラスの靴団団員の人格	118	57	1d7	普通	抵抗	弱点	なし	ガラスの鉄則	暴食 x5 保有	R 開始時、ダメージ量増加 1 を得る。<br>敵討伐時に SAN を 10 回復	回避	回避：憤怒<br>8d2	快速術	貫通：暴食<br>使用時：呼吸2 を得る<br>2d5<br>2d5<br>2d5：的中時、次のR に恐慌2 を付与<br>2d5：クリティカル的中時、次のR に恐慌2 を付与	脳天をかち割る	斬撃：嫉妬<br>クリティカル成功時：次のR にクリティカルダメージ量増加3 を得る<br>3d5 ：的中時、呼吸2 を得る<br>2d8 ：的中時、呼吸2 を得る	生存の意志	貫通：暴食<br>戦闘開始時：味方が全員生存しているなら、その後味方が死亡するまで、ダメージ量増加1 を得る（最大1）<br>2d8 ：クリティカルダメージ量+3<br>2d8 ：クリティカルダメージ量+3	快速破壊術	貫通：憤怒<br>戦闘開始時：両隣の味方に次のR にてクイック2 を付与<br>攻撃後：呼吸5 を得る<br>4d4 ：的中時、次のR に恐慌4 を付与<br>4d4 ：的中時、対象の恐慌が10 以上なら精神崩壊1 を付与	なし	なし
92	ヴィリーブ工房フィクサーAの人格	123	49	3d2	弱点	普通	抵抗	なし	蒸気を纏う	怠惰 x3 共鳴	呼吸獲得量+1。クリティカル的中時、煙 1 を付与（最大 3）	蒸気機関	防御：怠惰<br>使用時：呼吸4 を得る<br>4d2<br>3d5	煙格闘術	打撃：怠惰<br>使用時：呼吸3 を得る<br>2d7<br>2d7 ：クリティカルダメージ量+1	受動喫煙	打撃：嫉妬<br>マッチ勝利時：煙2 を付与<br>マッチ敗北時：ランダムな味方1 名に煙3 を付与<br>2d7 ：的中時、呼吸1 を得る<br>2d7 ：的中時、呼吸1 を得る<br>3d5 ：対象の煙2 ごとにクリティカルダメージ量+1	爆煙	打撃：憤怒<br>3d3+2<br>4d3 ：クリティカル的中時、対象の煙の数x2 だけ火傷を付与（最大8）	煙稼働ガントレット	打撃：色欲<br>戦闘開始時：自分の煙を全て呼吸に変換し、変換した煙2 ごとにクリティカルダメージ量+1（最大5）<br>1d8 ：対象の煙が6 以上なら、このダイスのd 数+1<br>1d8 ：対象の煙が6 以上なら、このダイスのd 数+1<br>1d12 ：対象の煙が6 以上なら、このダイスのd 数+1	なし	なし
93	ヴィリーブ工房フィクサーBの人格	125	50	2d3+1	普通	弱点	抵抗	なし	一本一本	色欲 x4 保有	R 終了時、自分の煙 3 ごとにクイック 1 を得る。<br>煙 2 ごとにクリティカルダメージ量+1（最大 4）	身体に吸い込む	防御：色欲<br>使用時：煙3 を得る<br>4d2 ：守備時、呼吸1 を得る<br>3d5 ：守備時、呼吸1 を得る	煙格闘術	打撃：傲慢<br>使用時：呼吸4 を得る<br>2d7<br>2d7 ：クリティカルダメージ量+2	受動喫煙	斬撃：嫉妬<br>マッチ勝利時：煙2 を付与<br>マッチ敗北時：ランダムな味方1 名に煙3 を付与<br>3d6 ：的中時、呼吸2 を得る<br>2d7 ：的中時、呼吸2 を得る<br>2d7 ：クリティカル的中時、煙2 を付与	蒸気機関	斬撃：怠惰<br>使用時：煙を全て消費し、消費した数2 ごとに保護1 を得る<br>2d9 ：クリティカルダメージ量+2、対象の煙2 ごとにクリティカルダメージ量+1<br>3d5 ：的中時、呼吸4 を得る	大暴煙	斬撃：色欲<br>使用時：呼吸が10 以上なら必ずクリティカルになり、呼吸消費量がダイスx2 になる<br>1d10 ：対象の煙と自分の呼吸が6 以上なら、このダイスのd 数+1<br>1d10 ：対象の煙と自分の呼吸が6 以上なら、このダイスのd 数+1<br>1d10 ：対象の煙と自分の呼吸が6 以上なら、このダイスのd 数+1<br>2d8 ：クリティカルダメージ量+3、対象の煙2 ごとにクリティカル<br>ダメージ量+1	なし	なし
94	ジャーマ工房フィクサーの人格	110	50	1d6	抵抗	普通	弱点	なし	炎天	色欲 x5 保有	攻撃的中時、対象に火傷があるなら 固定ダメージを0~3与える	加熱	防御：傲慢<br>使用時：次のR にて激熱3 を得る<br>2d7	炎断	斬撃：憤怒<br>使用時：激熱があるなら全てのダイスに「的中時、火傷1 を付与」を付与<br>2d5<br>2d5<br>2d5	焼却	斬撃：色欲<br>使用時：激熱2 を得る<br>2d8 ：的中時、火傷1 を付与<br>3d3 ：的中時、火傷1 を付与	シャインスピア	貫通：怠惰<br>使用後：この戦術スキルを「レッドアックス」に変更する<br>2d7 ：的中時、激熱2 を得る<br>1d9 ：的中時、火傷1 を付与<br>2d4 ：的中時、火傷1 を付与	高まった鼓動	打撃：憤怒<br>使用時：自分の激熱x2 だけ火傷を得て次のR に憤怒ダメージ量増加を1+激熱の数だけ得る（最大5）<br>6d2<br>6d2 ：的中時、火傷3 を付与	レッドアックス<br>斬撃：怠惰<br>使用後：この戦術スキルを「シャインスピア」に変更する<br>3d4 ：的中時、激熱の数x3 だけ火傷を付与<br>5d2 ：的中時、火傷3 を付与	激熱 最大10 中立バフ<br>R 開始時、自分の激熱の数x2 だけ火傷を得る<br>攻撃的中時、激熱の数だけ火傷を与える<br>自分か対象が火傷を40 以上保有してる状態で攻撃的中時、互いに葬炎して自分の激熱を0 にする
95	第四銀工房銃鎚派フィクサーの人格	127	48	1d7	弱点	普通	抵抗	6	紅銀鎚	傲慢 x3 共鳴	精練爆薬を 8 以上消費したなら、次の R に精練爆薬 3 を得る	爆薬装填	打撃反撃：傲慢<br>戦闘開始時：次のR に紅硬1 を得る<br>使用時：精練爆薬5 を得る<br>8d2	乱暴な打撃	打撃：暴食<br>対象の破裂が15 以上ならスキルd 値+1<br>2d6 ：的中時、破裂1 を付与<br>2d5 ：的中時、次のR に恐慌3 を付与<br>2d5 ：的中時、破裂1 を付与	衝撃爆破	打撃：嫉妬<br>マッチ勝利時：精練爆薬2 を得る<br>4d3 ：的中時、破裂2 を付与<br>2d8 ：的中時、[破裂爆発]。破裂を4 消費。精練爆薬が8 以上なら弾丸を1 消費してこのダイスを再使用（最大1 回）	弾丸発射	打撃：傲慢<br>マッチ勝利時：自分の精練爆薬が8 以上なら恐慌付与量+1<br>3d4 ：的中時、恐慌2 を付与<br>3d4 ：的中時、恐慌2 を付与<br>3d3+3 ：的中時、[破裂爆発]。破裂を5 消費。精練爆薬が8 以上なら弾丸を1 消費してこのダイスを再使用（最大1 回）	紅色臨鎚	打撃：色欲<br>マッチ開始時：対象が恐慌状態なら破裂3 を付与<br>2d13 ：的中時、[破裂爆発]。破裂を3 消費。精練爆薬が10 以上なら弾丸を最大まで消費し、消費した弾丸の数だけこのダイスを再使用（最大3 回）	なし	精練爆薬 最大10 バフ<br>弾丸を消費した時、精練爆薬を全て消費する<br>消費した精練爆薬の数x2+対象の恐慌の数だけダメージを与える<br>精練爆薬の効果で与えたダメージが30 以上なら、精神崩壊1 を付与し、恐慌-奇行へと[鬱怏変換]
96	第四銀工房太刀派フィクサーの人格	122	54	1d5	抵抗	弱点	普通	なし	紅銀刀	傲慢 x3 共鳴	常時発動 舞台開始時、研磨 1 を得る 効果 バリア状態の敵に与えるダメージ量+3。<br>破裂爆発時、消費した破裂の数 2 ごとに研磨 1 を得る（1R に 2 回）	研ぐ	防御：傲慢<br>戦闘開始時：次のR に紅硬1 を得る<br>使用時：研磨3 を得る<br>8d2	重い斬撃	斬撃：暴食<br>2d10 ：的中時、[破裂爆発] [振動爆発]。破裂と振動を5 消費	装甲を剥ぐ	斬撃：憤怒<br>使用時：対象がバリアを得ているなら破裂付与量+1<br>5d3 ：マッチ勝利的中時、振動2 を付与<br>2d9 ：的中時、振動3 と破裂2 を付与	瞬凪	斬撃：怠惰<br>対象がバリア状態ならダメージ量+2<br>7d2 ：的中時、振動2 を付与<br>7d2 ：的中時、対象の破裂4 ごとに振動1 を付与（最大4）	紅色惨刀	斬撃：傲慢<br>使用前：研磨を全て消費し、消費した研磨の数だけ破裂爆発と振動爆発のダメージ量増加<br>攻撃後：錆び1 を得る<br>2d10 ：的中時、対象の振動と破裂の合計7 ごとに脆弱1 を付与（最大3）<br>2d11 ：的中時、[破裂爆発] [振動爆発]。破裂と振動を5 消費	なし	研磨 最大10 バフ<br>-研磨が3 以上の時、バリア状態の敵に与えるダメージ量+2-<br>-研磨が5 以上の時、振動爆発ダメージ+3-<br>-研磨が8 以上の時、斬撃ダメージ+1-<br>-研磨が10 以上の時、斬撃威力+1-<br>[錆び<br>最大1<br>デバフ<br>ダメージ量減少3 と振動付与量減少1 を得る研磨を得る時、錆びが消滅する
97	第四銀工房弓派フィクサーの人格	125	50	2d3	普通	抵抗	弱点	6	紅銀矢	傲慢 x2 共鳴	常時発動 対象を混乱させる、または[破裂爆発]で 20 ダメージ以上与えたなら、次の R に追撃状態 1 を得る <br>効果 クリティカル成功時、破裂爆発で与えるダメージ量+4	紅銀矢回収	回避：傲慢<br>戦闘開始時：次のR に紅硬1 を得て[再装填-残弾維持]<br>6d2 ：回避成功時、呼吸1 を得る	紅矢	貫通：暴食<br>このスキルはスキル選択欄に含まれない使用時：呼吸1 を得る。弾丸が0 ならスキル威力が3 減少し、銃撃を撤廃<br>1d7 ：このダイスはd 数が増加しない。銃撃。的中時、弾丸を1 消費し[破裂爆発]。破裂を4 消費	撃ち抜く	貫通：憤怒<br>マッチ勝利時：次のR に束縛2 を付与<br>2d9 ：銃撃。的中時、弾丸を1 消費し破裂2 を付与。呼吸1 を得る<br>2d9 ：銃撃。的中時、弾丸を1 消費し破裂2 を付与。呼吸1 を得る	凝視	貫通：嫉妬<br>使用時：呼吸4 を得る<br>6d3 ：銃撃。的中時、弾丸を3 消費し[破裂爆発]。破裂を4 消費。クリティカルダメージ量+3	紅色飛弓	貫通：傲慢<br>使用前：対象の破裂が10 以上なら弾丸消費量を任意で増加可能。増加した弾丸1 ごとに破裂付与数+1（最大3）<br>マッチ勝利時：紅硬があるなら次のR に追撃状態1 を得る<br>17-1d15 ：銃撃。的中時、弾丸を1 消費し破裂3 を付与	なし	追撃状態 最大1 バフ<br>前方の味方が攻撃終了時、スキル1 を使する（最大3 回）<br>R 終了時消滅
98	第四銀工房輪刃派フィクサーの人格	120	50	1d8	抵抗	普通	弱点	なし	紅銀刃	傲慢 x5 保有	出血状態の敵への破裂付与量+1。<br>内部破裂状態の敵への出血付与量+1	回避	回避：傲慢<br>戦闘開始時：次のR に紅硬1 を得る<br>8d2	切り裂く	斬撃：嫉妬<br>2d8：的中時、次のR に出血1 を付与<br>2d7 ：的中時、破裂3 を付与	四肢切断	斬撃：色欲<br>一方攻撃時：対象が内部破裂状態なら破裂脆弱2 を付与<br>2d5 ：的中時、破裂1 を付与<br>2d6 ：的中時、次のR に出血1 を付与<br>2d7 ：的中時、[破裂爆発]。破裂を5 消費<br>2d7 ：的中時、対象の破裂と出血の合計が7 以上なら内部破裂3を付与	炸裂	斬撃：憂鬱<br>戦闘開始時：ランダムな敵2 名に破裂2 を付与<br>4d3 ：的中時、対象の破裂と出血の合計が5 以上なら内部破裂2 を付与<br>4d3 ：的中時、次のR に出血2 を付与	紅色破刃	斬撃：傲慢<br>対象の破裂と出血の合計7 ごとにスキル威力+1（最大3）<br>6d2 ：的中時、[破裂爆発]。破裂を3 消費。破裂ダメージを10 以上与えたなら次のR に出血2 を付与<br>6d2 ：的中時、[破裂爆発]。破裂を3 消費。破裂ダメージを10 以上与えたなら次のR に出血2 を付与<br>2d8 ：的中時、[破裂爆発]。破裂を8 消費。破裂ダメージを10 以上与えたなら次のR に出血2 を付与	なし	内部破裂 最大5 デバフ<br>R 終了時、出血5 ごとに1 回[破裂爆発]。破裂（10/内部破裂の数）消費（小数点切り捨て）<br>R 終了時、数値を半減
99	メリアニア工房フィクサーの人格	110	50	4d2	弱点	普通	抵抗	なし	魂の叫び	憤怒x5 保有	常時発動 舞台開始時、刺突爆雷10 を得る<br>刺突爆雷を消費する時、対象の火傷を1 回発動	反撃	打撃反撃：傲慢<br>刺突爆雷が3 以上ならスキル威力+2<br>4d2<br>4d2<br>2d8 ：的中時、刺突爆雷を1 消費し、互いに火傷4 と固定HP ダメージ5 を与える	突撃ィ！！	打撃：憤怒<br>使用時：次のR にクイック2 を得る<br>マッチ勝利時：火傷3 を付与<br>2d7+2<br>2d9+2 ：破壊不能ダイス。的中時、刺突爆雷を1 消費して互いに火傷5 を付与	危機一髪の爆破	打撃：傲慢<br>自分の減少HP20 ごとにこのスキルの最後のダイス威力+1（最大6）<br>使用時：対象の減少HP15 ごとにダメージ量+1（最大5）<br>4d3 ：過半数的中時、火傷4 を付与<br>4d3<br>2d4+2 ：破壊不能ダイス。的中時、刺突爆雷を1 消費して互いに火傷2 を付与し固定HP ダメージ8 を与える	決死の一撃	打撃：色欲<br>自分のHP が50 以上減少しているならスキル威力+5<br>使用時：対象の減少HP10 ごとにダメージ量+1（最大7）<br>マッチ勝利時：火傷5 を付与<br>6d2 ：破壊不能ダイス。的中時、刺突爆雷を1 消費して互いに固定HP ダメージ10 を与える	特攻爆発	打撃：憤怒<br>自分の減少HP20 ごとにこのスキルの最後のダイス威力+1（最大6）自分の速度が8 以上ならスキル威力+2<br>マッチ勝利時：火傷3 を付与<br>2d10 ：的中時、刺突爆雷を1 消費して互いに火傷2 を付与<br>2d10 ：破壊不能ダイス。的中時、刺突爆雷を1 消費して互いに火傷3 を付与。対象の減少HP5 ごとに固定HP ダメージ1 を互いに与える（最大30）	なし	刺突爆雷 最大15 中立バフ<br>刺突爆雷を消費するダイスが破壊不能ダイスかつ破壊されたなら、d 値+1<br>特定スキルにて消費
100	メメメメメ工房フィクサーの人格	120	50	1d6	普通	弱点	抵抗	なし	怨念蓄積タンク	嫉妬 x3 共鳴	被ダメージ時、対象が破裂と恐慌状態なら互いに[破裂爆発]（破裂を 4 消費）	怨念雑誌	防御：憤怒<br>2d9<br>2d8	怨念蓄積機	貫通：憤怒<br>2d8 ：的中時 互いに破裂2 を付与<br>1d14 ：的中時 互いに破裂2 を付与	弾け出す祟り	斬撃：憂鬱<br>使用時：自分の破裂を全て対象に押し付ける。押し付けた破裂の数3 ごとに恐慌1 を得る<br>2d7 ：的中時、次のR に恐慌2 を付与<br>2d7 ：的中時、次のR に恐慌2 を付与<br>4d3 ：的中時、[破裂爆発]。破裂を5 消費	怨念抽出	貫通：嫉妬<br>戦闘開始時：恐慌状態の敵に自分の破裂を均等に譲渡する（最大10）<br>2d8 ：的中時、互いに破裂2 を付与<br>5d2+2 ：的中時、互いに破裂3 を付与	怨み射出	貫通：傲慢<br>戦闘開始時：破裂状態の敵に自分の破裂の数だけ恐慌を均等に付与する（最大10）<br>22-2d9 ：的中時、破裂1 を付与<br>22-2d9 ：的中時、破裂1 を付与<br>22-2d9 ：的中時、互いに[破裂爆発]。破裂を5 消費	なし	なし
101	ダンダダダダ工房所属フィクサーの人格	120	50	1d8	弱点	抵抗	普通	10	デルタ弾装填	傲慢 x3 共鳴	マッチ勝利時、銃撃ダイスのダメージ量+3。<br>対象が出血状態なら追加でダメージ量+2	一時休憩	防御：憤怒<br>このスキルを選択し、かつ使用されなければSAN を10 回復<br>2d9	装填、発射	打撃：暴食<br>2d8<br>1d15 ：銃撃。的中時、弾丸を1 消費し出血2 を付与	耳鳴りのする銃声	打撃：傲慢<br>使用時：弾丸を保持していない全キャラクターに2 のSAN ダメージを与える<br>2d7<br>5d2+2 ：銃撃。的中時、弾丸を1 消費し次のR に出血2 を付与	爆撃	打撃：嫉妬<br>8d2 ：銃撃。的中時、弾丸を1 消費し次のR に出血3 を付与	ダダダダダン	貫通：傲慢<br>使用時：自分と同じ所属のキャラクターがスキル4 を使う時、使う味方の数だけd 値が増加（最大3）<br>2d8 ：銃撃。的中時、弾丸を1 消費し次のR に出血2 を付与<br>2d8 ：銃撃。的中時、弾丸を1 消費し次のR に出血2 を付与<br>2d8 ：銃撃。的中時、弾丸を1 消費し対象の出血が10 以上なら内臓崩壊1 を付与	なし	なし
102	針金工房フィクサーの人格	110	50	3d2+1	抵抗	普通	弱点	なし	編み込むように縛り付く	憤怒x3 保有	縛り付く鉄線状態の敵にマッチ勝利時、次のR に出血2 を付与	鉄線の壁	防御：色欲<br>戦闘開始時：縛り付く鉄線2 を得る<br>使用時：縛り付く鉄線の数だけバリアを得る<br>8d2	縛り付いていく有刺鉄線	斬撃：憤怒<br>自分の縛り付く鉄線4 ごとにマッチ威力+1（最大2）<br>マッチ勝利時：縛り付く鉄線2 を付与<br>2d7 ：的中時、縛り付く鉄線3 を得る<br>2d7 ：的中時、次のR に束縛2 を付与	鉄線で引き裂く	貫通：色欲<br>一方攻撃時：縛り付く鉄線3 を付与<br>7d2 ：破壊不能ダイス。的中時、縛り付く鉄線の数だけ貫通ダメージを与える	知らぬ間の線引き	斬撃：傲慢<br>マッチ開始時：対象が縛り付く鉄線状態なら出血2 を付与<br>4d3 ：的中時、次のR に出血2 を付与<br>4d3 ：的中時、次のR に出血3 を付与	黒血貫線	貫通：憤怒<br>自分の縛り付く鉄線3 ごとにマッチ威力+1（最大3）<br>戦闘開始時：自分との速度差が1 以内かつ、縛り付く鉄線状態の敵全員に、貫通ダメージ15 を与える<br>使用時：縛り付く鉄線4 を得る<br>3d4<br>3d4<br>2d9 ：破壊不能ダイス。的中時、対象の縛り付く鉄線が10 以上なら対象を破壊（強敵無効）	なし	縛り付く鉄線 最大10 デバフ<br>R 開始時、数値/2 だけ出血を得る。束縛状態なら追加で出血3 を得る<br>自分が針金工房所属なら、出血以外の効果でダメージを受けるとき、縛り付く鉄線だけバリアを得る（1R 最大30）
103	ボルトット工房フィクサーの人格	108	53	1d2+2	弱点	普通	抵抗	なし	脚力低下施術強制付与	怠惰 x3 保有	マッチ勝利時、次の R に束縛 1 を付与	防御	防御：憤怒<br>8d2	その場に止まれ！	打撃：憤怒<br>戦闘開始時：束縛状態の敵の現在の速度1 減少<br>5d2 ：的中時、次のR にて対象の速度d 値-2	鈍足化強制施術	打撃：怠惰<br>マッチ勝利時：対象に次のR に束縛1 を付与<br>2d7 ：的中時、振動2 を付与<br>2d7 ：的中時、振動2 を付与<br>2d8 ：的中時、次のR に対象の速度を1 減少	粉砕骨折	打撃：傲慢<br>使用時：対象の束縛が3 以上ならスキル威力+2<br>1d13+3 ：的中時、対象が束縛状態なら[振動爆発]を3 回発動し、振動を10 消費	空式螺子	貫通：嫉妬<br>マッチ勝利時：対象が束縛状態かつ速度が1 ならばスキル威力+6<br>5d3 ：的中時、振動7 を付与	なし	なし
104	マッチロック工房フィクサーの人格	128	47	1d7	普通	抵抗	弱点	1	点火	暴食 x2 保有	マッチ勝利時、対象に固定ダメージ7を与える	防御	防御：憤怒<br>8d2	装填	回避：嫉妬<br>戦闘開始時：[再装填-残弾維持]<br>2d10	頭をぶち抜く	貫通：憂鬱<br>7d2 ：銃撃。的中時、弾丸を1 消費し固定SANダメージ8を与える	急所狙い	貫通：暴食<br>対象の貫通耐性が弱点ならダメージ量+7<br>6d3+4 ：銃撃。的中時、弾丸を1 消費	たった一発の勝負	打撃：怠惰<br>敵討伐時：この戦闘中、永続でパワー3 を得る（最大1 回）<br>敵討伐失敗時：次のR で行動不能<br>4d8 ：銃撃。的中時、弾丸を1 消費	なし	なし
105	美味しいですねカルボナーラ工房フィクサーの人格	130	58	1d8	弱点	普通	抵抗	なし	無限鞭生成武器「カルボナーラ」	怠惰 x3 共鳴	常時発動 舞台開始時、伸び～る鞭を 0 の状態で開始 <br>効果 振動爆発時、振動消費量 2 ごとに伸び～る鞭 1 を得る	カプレーゼ	回避：怠惰<br>2d10 ：回避成功時、振動1 を付与	無限鞭三式・マルゲリータ	打撃：嫉妬<br>使用時：伸び～る鞭が5 以上なら対象の守備スキルを1 つ除去<br>3d3 ：的中時、振動1 を付与<br>3d3<br>3d3 ：的中時、振動1 を付与<br>3d3	無限鞭二式・ドルチェ	打撃：怠惰<br>戦闘開始時：振動が10 以上のキャラクター1 名ごとに[伸び～る鞭]1 を得る（最大3）<br>マッチ勝利時：[振動爆発]。振動を3 消費<br>2d10<br>5d2 ：的中時、[振動爆発]。振動を4 消費<br>2d3 ：的中時、[振動爆発]。振動を4 消費	無限鞭四式・タリアータ	打撃：憤怒<br>戦闘開始時：自分の伸び～る鞭が7 以上なら両隣の味方に次のRにクイック2 を付与<br>4d4 ：的中時、振動2 を付与<br>4d4 ：的中時、振動2 を付与<br>2d6+2 ：的中時、[振動爆発]。振動を2 消費	無限鞭一式・カルボナーラ	打撃：怠惰<br>使用時：伸び～る鞭が10 なら対象に振動10 を付与<br>攻撃後：伸び～る鞭を全て消費<br>3d5+2 ：的中時、[振動爆発]。振動を5 消費<br>3d5+2 ：的中時、[振動爆発]。振動を5 消費<br>3d5+3 ：的中時、[振動爆発]。振動を5 消費	なし	伸び～る鞭 最大10 バフ<br>R 開始時、数値が1 増加<br>数値ごとに以下の効果を得る<br>-伸び～る鞭が4 以上の時、マッチ威力+1<br>-伸び～る鞭が6 以上の時、打撃抵抗の敵に与えるダメージ量+5<br>-伸び～る鞭が10 以上の時、振動爆発時に振動消費量だけ固定ダメージを与える（最大20）
106	笛吹きの音楽隊の人格	128	52	3d2+1	弱点	普通	抵抗	なし	同調	傲慢 x3 共鳴	戦闘開始時、音符を持つ味方の数だけ味方全体にダメージ量増加 1 を付与（最大 3）	一息つく	回避：傲慢<br>使用時：呼吸5 を得る<br>2d9 ：回避成功時、呼吸3 を得る	音階操作	打撃：暴食<br>戦闘開始時：呼吸を3 消費し、両隣の味方に保護2 を付与<br>使用時：音符2 を得る<br>2d6 ：的中時、呼吸2 を得る<br>3d5 ：的中時、呼吸2 を得る	行進曲	打撃：傲慢<br>使用時：呼吸を5 消費し、後方の味方全体に保護2 を付与。音符があるなら呼吸の代わりに消費する<br>2d8 ：的中時、味方全体にクイック1 を付与	身を委ねて	打撃：怠惰<br>使用時：呼吸7 を得る<br>3d4 ：的中時、音符4 を得る<br>6d2 ：クリティカル的中時、次のR にランダムな味方2 名にパワー1 を付与	大合奏	打撃：傲慢<br>使用時：呼吸を自分を除く味方の数だけ消費し、消費した呼吸の数だけスキル威力増加（最大3）<br>3d3<br>3d3<br>3d3<br>2d10 ：クリティカル的中時、次のR に味方全体にダメージ量増加2を付与	なし	音符 最大10 バフ<br>特定のスキルに作用する<br>-5 以上：打撃ダメージ量増加2 を得る<br>-7 以上：呼吸獲得量+1<br>-9 以上：R 開始時、SAN を4 回復<br>R 終了時、1 減少
107	ディアマン・ノワール構成員の人格	119	56	2d3	抵抗	普通	弱点	なし	秘薬・黒蓮	憂鬱 x3 保有	攻撃的中時、対象に毒があれば沈潜付与量+1	香りを纏わせる	防御：憂鬱<br>使用時：次のR に混乱保護2 を得る<br>8d2	薬品散布	打撃：暴食<br>使用時：対象の沈潜が3 以上ならスキル威力+1<br>2d5 ：的中時、互いに沈潜1 を付与<br>3d4 ：的中時、互いに沈潜1 を付与	芳しい香り	打撃：色欲<br>使用時：対象に毒が付与されているならスキル威力+1<br>4d4 ：的中時、互いに沈潜2 を付与<br>4d4 ：的中時、互いに沈潜2 を付与	昂揚する精神	貫通：傲慢<br>使用時：このR の終了時、沈潜により受けるSAN ダメージを半減する（最低1）<br>7d2+2 ：的中時、互いに沈潜3 を付与	甘い薬と黒い毒	貫通：憂鬱<br>使用時：対象の沈潜が6 以上ならスキル威力+1<br>3d4<br>5d3 ：的中時、自分の沈潜を全て消費し、消費した数3 ごとに次のRにパワー1 を得る（最大3）<br>2d9 ：的中時、対象の沈潜を全て消費し、消費した数2 ごとに毒1を付与（最大10）	なし	なし
108	ク事務所フィクサーの人格	126	49	1d8	抵抗	弱点	普通	なし	状況判断	憂鬱 x2 共鳴	対象が虚弱または武装解除状態ならスキル威力+1	回避	回避：憂鬱<br>2d9	絶妙な須臾	斬撃：暴食<br>2d6<br>2d8 ：的中時、次のR に虚弱1 を付与	迅速な処理	斬撃：傲慢<br>2d7：的中時、次のR に武装解除1 を付与<br>2d8 ：的中時、次のR に武装解除1 を付与<br>2d8 ：的中時、次のR に武装解除1 を付与	昔の特異点	打撃：怠惰<br>マッチ進行時：対象のスキル威力-1<br>2d9 ：的中時、次のR に武装解除1 を付与<br>2d9 ：的中時、次のR に武装解除1 を付与	反響	打撃：憂鬱<br>2d7<br>2d7<br>6d3 ：的中時、対象の武装解除を全て虚弱に変換する	なし	なし
109	鬼門事務所フィクサーの人格	124	50	1d5+2	弱点	普通	抵抗	なし	死に花が咲く	嫉妬 x3 保有	常時発動 自分の呪いの起動回数-1 効果 戦闘開始時、呪いの数だけ出血を得る。<br>死亡時、HP が最も低い味方に次の R にパワー2 とクイック 1 を付与	遁甲	回避：怠惰<br>8d2 ：回避成功時、呪い2 を得る（最大2）	呪剣抜刀	斬撃：憤怒<br>HP が0 になった時、ランダムな敵に次のR に束縛2 を付与<br>使用時：自分の呪いが3 以上なら、マッチ威力+1<br>2d6 ：的中時、次のR に束縛1 を付与<br>2d7 ：的中時、互いに呪い1 を付与	冥罰	斬撃：傲慢<br>使用時：自分の呪いが4 以上ならダメージ量+2<br>2d10 ：的中時、次のR に互いに出血2 を付与<br>3d5 ：的中時、次のR に互いに出血2 を付与	紫電一閃	斬撃：嫉妬<br>使用時：呪い3 を得る。自分の出血が6 以上ならダメージ量+3<br>2d8<br>2d8 ：的中時、次のR に互いに出血3 を付与<br>4d4 ：マッチ勝利的中時、互いに呪い1 を付与	廻る怨恨	斬撃：嫉妬<br>自分の出血4 ごとにスキルd 値+1（最大3）<br>使用時：自分の呪いx2 だけ出血を得る（最大10）<br>3d6<br>2d7 ：的中時、互いに出血3 を付与<br>2d7 ：的中時、自分の出血の数だけ次のR に出血を付与（最大10）	なし	なし
110	触腕事務所フィクサーの人格	109	52	3d2	弱点	普通	抵抗	なし	生体武器/空腹	色欲 x3 保有	スキルの全てのダイスが 1d（元のダイスの最大値+5）になる	受け流す	防御：傲慢<br>5d2	引っ叩く	打撃：色欲<br>2d7	急所突き	打撃：暴食<br>4d4 ：的中時、次のR に虚弱1 を付与	振り回し	打撃：嫉妬<br>使用時：色欲共鳴が3 以上なら広域指定人数+2<br>5d3 ：的中時、次のR に麻痺2 を付与<br>5d3 ：的中時、次のR に束縛1 を付与	締め付ける	打撃：色欲<br>2d10 ：的中時、[拘束判定]	なし	拘束判定<br>これを行うとき、被拘束判定者は50 以下が出るまで1d100 を振り、（ダイスを振った回数。最大5）<br>d5 のダメージを与える